<?xml version="1.0" encoding="UTF-8"?>
<Tokens version="1.0">
	<File path="Classes/PlaceGeometry.html">
		
		<Token>
			<TokenIdentifier>//apple_ref/occ/cl/PlaceGeometry</TokenIdentifier>
			<Abstract type="html">A Geometry represents a place&apos;s location and may also contains some additional place geometry.</Abstract>
			<DeclaredIn>OymPlace.h</DeclaredIn>
            
			
			<NodeRef refid="3"/>
		</Token>
		
		
		<Token>
			<TokenIdentifier>//apple_ref/occ/instm/PlaceGeometry/setLocation:</TokenIdentifier>
			<Abstract type="html">The location in WGS84 coordinates</Abstract>
			<DeclaredIn>OymPlace.h</DeclaredIn>
			
			<Declaration>@property CLLocationCoordinate2D location</Declaration>
			
			
			<Anchor>//api/name/location</Anchor>
            <NodeRef refid="3"/>
		</Token>
		
		<Token>
			<TokenIdentifier>//apple_ref/occ/instm/PlaceGeometry/location</TokenIdentifier>
			<Abstract type="html">The location in WGS84 coordinates</Abstract>
			<DeclaredIn>OymPlace.h</DeclaredIn>
			
			<Declaration>@property CLLocationCoordinate2D location</Declaration>
			
			
			<Anchor>//api/name/location</Anchor>
            <NodeRef refid="3"/>
		</Token>
		
		<Token>
			<TokenIdentifier>//apple_ref/occ/instp/PlaceGeometry/location</TokenIdentifier>
			<Abstract type="html">The location in WGS84 coordinates</Abstract>
			<DeclaredIn>OymPlace.h</DeclaredIn>
			
			<Declaration>@property CLLocationCoordinate2D location</Declaration>
			
			
			<Anchor>//api/name/location</Anchor>
            <NodeRef refid="3"/>
		</Token>
		
		<Token>
			<TokenIdentifier>//apple_ref/occ/instm/PlaceGeometry/setType:</TokenIdentifier>
			<Abstract type="html">The type of location</Abstract>
			<DeclaredIn>OymPlace.h</DeclaredIn>
			
			<Declaration>@property int type</Declaration>
			
			
			<Anchor>//api/name/type</Anchor>
            <NodeRef refid="3"/>
		</Token>
		
		<Token>
			<TokenIdentifier>//apple_ref/occ/instm/PlaceGeometry/type</TokenIdentifier>
			<Abstract type="html">The type of location</Abstract>
			<DeclaredIn>OymPlace.h</DeclaredIn>
			
			<Declaration>@property int type</Declaration>
			
			
			<Anchor>//api/name/type</Anchor>
            <NodeRef refid="3"/>
		</Token>
		
		<Token>
			<TokenIdentifier>//apple_ref/occ/instp/PlaceGeometry/type</TokenIdentifier>
			<Abstract type="html">The type of location</Abstract>
			<DeclaredIn>OymPlace.h</DeclaredIn>
			
			<Declaration>@property int type</Declaration>
			
			
			<Anchor>//api/name/type</Anchor>
            <NodeRef refid="3"/>
		</Token>
		
		<Token>
			<TokenIdentifier>//apple_ref/occ/instm/PlaceGeometry/setRaw:</TokenIdentifier>
			<Abstract type="html">Some additional geometry for a place, like the complete street geometry of the external polygon of a city</Abstract>
			<DeclaredIn>OymPlace.h</DeclaredIn>
			
			<Declaration>@property (nonatomic, strong) NSMutableArray *raw</Declaration>
			
			
			<Anchor>//api/name/raw</Anchor>
            <NodeRef refid="3"/>
		</Token>
		
		<Token>
			<TokenIdentifier>//apple_ref/occ/instm/PlaceGeometry/raw</TokenIdentifier>
			<Abstract type="html">Some additional geometry for a place, like the complete street geometry of the external polygon of a city</Abstract>
			<DeclaredIn>OymPlace.h</DeclaredIn>
			
			<Declaration>@property (nonatomic, strong) NSMutableArray *raw</Declaration>
			
			
			<Anchor>//api/name/raw</Anchor>
            <NodeRef refid="3"/>
		</Token>
		
		<Token>
			<TokenIdentifier>//apple_ref/occ/instp/PlaceGeometry/raw</TokenIdentifier>
			<Abstract type="html">Some additional geometry for a place, like the complete street geometry of the external polygon of a city</Abstract>
			<DeclaredIn>OymPlace.h</DeclaredIn>
			
			<Declaration>@property (nonatomic, strong) NSMutableArray *raw</Declaration>
			
			
			<Anchor>//api/name/raw</Anchor>
            <NodeRef refid="3"/>
		</Token>
		
        
        
	</File>
</Tokens>