<?xml version="1.0" encoding="UTF-8"?>
<Tokens version="1.0">
	<File path="Classes/PlaceNearestRequest.html">
		
		<Token>
			<TokenIdentifier>//apple_ref/occ/cl/PlaceNearestRequest</TokenIdentifier>
			<Abstract type="html">A Place Nearest request.</Abstract>
			<DeclaredIn>OymPlace.h</DeclaredIn>
            
			
			<NodeRef refid="4"/>
		</Token>
		
		
		<Token>
			<TokenIdentifier>//apple_ref/occ/instm/PlaceNearestRequest/setMaxResponses:</TokenIdentifier>
			<Abstract type="html">The maximum number of places</Abstract>
			<DeclaredIn>OymPlace.h</DeclaredIn>
			
			<Declaration>@property int maxResponses</Declaration>
			
			
			<Anchor>//api/name/maxResponses</Anchor>
            <NodeRef refid="4"/>
		</Token>
		
		<Token>
			<TokenIdentifier>//apple_ref/occ/instm/PlaceNearestRequest/maxResponses</TokenIdentifier>
			<Abstract type="html">The maximum number of places</Abstract>
			<DeclaredIn>OymPlace.h</DeclaredIn>
			
			<Declaration>@property int maxResponses</Declaration>
			
			
			<Anchor>//api/name/maxResponses</Anchor>
            <NodeRef refid="4"/>
		</Token>
		
		<Token>
			<TokenIdentifier>//apple_ref/occ/instp/PlaceNearestRequest/maxResponses</TokenIdentifier>
			<Abstract type="html">The maximum number of places</Abstract>
			<DeclaredIn>OymPlace.h</DeclaredIn>
			
			<Declaration>@property int maxResponses</Declaration>
			
			
			<Anchor>//api/name/maxResponses</Anchor>
            <NodeRef refid="4"/>
		</Token>
		
		<Token>
			<TokenIdentifier>//apple_ref/occ/instm/PlaceNearestRequest/setLocation:</TokenIdentifier>
			<Abstract type="html">The location in WGS84 coordinates</Abstract>
			<DeclaredIn>OymPlace.h</DeclaredIn>
			
			<Declaration>@property CLLocationCoordinate2D location</Declaration>
			
			
			<Anchor>//api/name/location</Anchor>
            <NodeRef refid="4"/>
		</Token>
		
		<Token>
			<TokenIdentifier>//apple_ref/occ/instm/PlaceNearestRequest/location</TokenIdentifier>
			<Abstract type="html">The location in WGS84 coordinates</Abstract>
			<DeclaredIn>OymPlace.h</DeclaredIn>
			
			<Declaration>@property CLLocationCoordinate2D location</Declaration>
			
			
			<Anchor>//api/name/location</Anchor>
            <NodeRef refid="4"/>
		</Token>
		
		<Token>
			<TokenIdentifier>//apple_ref/occ/instp/PlaceNearestRequest/location</TokenIdentifier>
			<Abstract type="html">The location in WGS84 coordinates</Abstract>
			<DeclaredIn>OymPlace.h</DeclaredIn>
			
			<Declaration>@property CLLocationCoordinate2D location</Declaration>
			
			
			<Anchor>//api/name/location</Anchor>
            <NodeRef refid="4"/>
		</Token>
		
		<Token>
			<TokenIdentifier>//apple_ref/occ/instm/PlaceNearestRequest/setRadius:</TokenIdentifier>
			<Abstract type="html">The search radius in meters</Abstract>
			<DeclaredIn>OymPlace.h</DeclaredIn>
			
			<Declaration>@property int radius</Declaration>
			
			
			<Anchor>//api/name/radius</Anchor>
            <NodeRef refid="4"/>
		</Token>
		
		<Token>
			<TokenIdentifier>//apple_ref/occ/instm/PlaceNearestRequest/radius</TokenIdentifier>
			<Abstract type="html">The search radius in meters</Abstract>
			<DeclaredIn>OymPlace.h</DeclaredIn>
			
			<Declaration>@property int radius</Declaration>
			
			
			<Anchor>//api/name/radius</Anchor>
            <NodeRef refid="4"/>
		</Token>
		
		<Token>
			<TokenIdentifier>//apple_ref/occ/instp/PlaceNearestRequest/radius</TokenIdentifier>
			<Abstract type="html">The search radius in meters</Abstract>
			<DeclaredIn>OymPlace.h</DeclaredIn>
			
			<Declaration>@property int radius</Declaration>
			
			
			<Anchor>//api/name/radius</Anchor>
            <NodeRef refid="4"/>
		</Token>
		
		<Token>
			<TokenIdentifier>//apple_ref/occ/instm/PlaceNearestRequest/setLang:</TokenIdentifier>
			<Abstract type="html">The output language</Abstract>
			<DeclaredIn>OymPlace.h</DeclaredIn>
			
			<Declaration>@property (nonatomic, strong) NSString *lang</Declaration>
			
			
			<Anchor>//api/name/lang</Anchor>
            <NodeRef refid="4"/>
		</Token>
		
		<Token>
			<TokenIdentifier>//apple_ref/occ/instm/PlaceNearestRequest/lang</TokenIdentifier>
			<Abstract type="html">The output language</Abstract>
			<DeclaredIn>OymPlace.h</DeclaredIn>
			
			<Declaration>@property (nonatomic, strong) NSString *lang</Declaration>
			
			
			<Anchor>//api/name/lang</Anchor>
            <NodeRef refid="4"/>
		</Token>
		
		<Token>
			<TokenIdentifier>//apple_ref/occ/instp/PlaceNearestRequest/lang</TokenIdentifier>
			<Abstract type="html">The output language</Abstract>
			<DeclaredIn>OymPlace.h</DeclaredIn>
			
			<Declaration>@property (nonatomic, strong) NSString *lang</Declaration>
			
			
			<Anchor>//api/name/lang</Anchor>
            <NodeRef refid="4"/>
		</Token>
		
        
        
	</File>
</Tokens>