<?xml version="1.0" encoding="UTF-8"?>
<Tokens version="1.0">
	<File path="Classes/OymPlace.html">
		
		<Token>
			<TokenIdentifier>//apple_ref/occ/cl/OymPlace</TokenIdentifier>
			<Abstract type="html">A Place object.&lt;br&gt;
A list of place objects is returned by nearest and search requests, inside PlaceNearestResponse and PlaceSearchResponse &lt;br&gt;</Abstract>
			<DeclaredIn>OymPlace.h</DeclaredIn>
            
			
			<NodeRef refid="1"/>
		</Token>
		
		
		<Token>
			<TokenIdentifier>//apple_ref/occ/instm/OymPlace/setDescription:</TokenIdentifier>
			<Abstract type="html">The representation of the place as one String. For example the full address.</Abstract>
			<DeclaredIn>OymPlace.h</DeclaredIn>
			
			<Declaration>@property (nonatomic, strong) NSString *description</Declaration>
			
			
			<Anchor>//api/name/description</Anchor>
            <NodeRef refid="1"/>
		</Token>
		
		<Token>
			<TokenIdentifier>//apple_ref/occ/instm/OymPlace/description</TokenIdentifier>
			<Abstract type="html">The representation of the place as one String. For example the full address.</Abstract>
			<DeclaredIn>OymPlace.h</DeclaredIn>
			
			<Declaration>@property (nonatomic, strong) NSString *description</Declaration>
			
			
			<Anchor>//api/name/description</Anchor>
            <NodeRef refid="1"/>
		</Token>
		
		<Token>
			<TokenIdentifier>//apple_ref/occ/instp/OymPlace/description</TokenIdentifier>
			<Abstract type="html">The representation of the place as one String. For example the full address.</Abstract>
			<DeclaredIn>OymPlace.h</DeclaredIn>
			
			<Declaration>@property (nonatomic, strong) NSString *description</Declaration>
			
			
			<Anchor>//api/name/description</Anchor>
            <NodeRef refid="1"/>
		</Token>
		
		<Token>
			<TokenIdentifier>//apple_ref/occ/instm/OymPlace/setProperties:</TokenIdentifier>
			<Abstract type="html">A list of key/value pairs for this place. Actually used for POIs</Abstract>
			<DeclaredIn>OymPlace.h</DeclaredIn>
			
			<Declaration>@property (nonatomic, strong) NSDictionary *properties</Declaration>
			
			
			<Anchor>//api/name/properties</Anchor>
            <NodeRef refid="1"/>
		</Token>
		
		<Token>
			<TokenIdentifier>//apple_ref/occ/instm/OymPlace/properties</TokenIdentifier>
			<Abstract type="html">A list of key/value pairs for this place. Actually used for POIs</Abstract>
			<DeclaredIn>OymPlace.h</DeclaredIn>
			
			<Declaration>@property (nonatomic, strong) NSDictionary *properties</Declaration>
			
			
			<Anchor>//api/name/properties</Anchor>
            <NodeRef refid="1"/>
		</Token>
		
		<Token>
			<TokenIdentifier>//apple_ref/occ/instp/OymPlace/properties</TokenIdentifier>
			<Abstract type="html">A list of key/value pairs for this place. Actually used for POIs</Abstract>
			<DeclaredIn>OymPlace.h</DeclaredIn>
			
			<Declaration>@property (nonatomic, strong) NSDictionary *properties</Declaration>
			
			
			<Anchor>//api/name/properties</Anchor>
            <NodeRef refid="1"/>
		</Token>
		
		<Token>
			<TokenIdentifier>//apple_ref/occ/instm/OymPlace/setDataset:</TokenIdentifier>
			<Abstract type="html">The dataset can be &quot;ADDR&quot; or &quot;POI&quot;</Abstract>
			<DeclaredIn>OymPlace.h</DeclaredIn>
			
			<Declaration>@property (nonatomic, strong) NSString *dataset</Declaration>
			
			
			<Anchor>//api/name/dataset</Anchor>
            <NodeRef refid="1"/>
		</Token>
		
		<Token>
			<TokenIdentifier>//apple_ref/occ/instm/OymPlace/dataset</TokenIdentifier>
			<Abstract type="html">The dataset can be &quot;ADDR&quot; or &quot;POI&quot;</Abstract>
			<DeclaredIn>OymPlace.h</DeclaredIn>
			
			<Declaration>@property (nonatomic, strong) NSString *dataset</Declaration>
			
			
			<Anchor>//api/name/dataset</Anchor>
            <NodeRef refid="1"/>
		</Token>
		
		<Token>
			<TokenIdentifier>//apple_ref/occ/instp/OymPlace/dataset</TokenIdentifier>
			<Abstract type="html">The dataset can be &quot;ADDR&quot; or &quot;POI&quot;</Abstract>
			<DeclaredIn>OymPlace.h</DeclaredIn>
			
			<Declaration>@property (nonatomic, strong) NSString *dataset</Declaration>
			
			
			<Anchor>//api/name/dataset</Anchor>
            <NodeRef refid="1"/>
		</Token>
		
		<Token>
			<TokenIdentifier>//apple_ref/occ/instm/OymPlace/setType:</TokenIdentifier>
			<Abstract type="html">The type of place. Can be &quot;C&quot; for a city, &quot;0&quot; for a street, or a POI type</Abstract>
			<DeclaredIn>OymPlace.h</DeclaredIn>
			
			<Declaration>@property (nonatomic, strong) NSString *type</Declaration>
			
			
			<Anchor>//api/name/type</Anchor>
            <NodeRef refid="1"/>
		</Token>
		
		<Token>
			<TokenIdentifier>//apple_ref/occ/instm/OymPlace/type</TokenIdentifier>
			<Abstract type="html">The type of place. Can be &quot;C&quot; for a city, &quot;0&quot; for a street, or a POI type</Abstract>
			<DeclaredIn>OymPlace.h</DeclaredIn>
			
			<Declaration>@property (nonatomic, strong) NSString *type</Declaration>
			
			
			<Anchor>//api/name/type</Anchor>
            <NodeRef refid="1"/>
		</Token>
		
		<Token>
			<TokenIdentifier>//apple_ref/occ/instp/OymPlace/type</TokenIdentifier>
			<Abstract type="html">The type of place. Can be &quot;C&quot; for a city, &quot;0&quot; for a street, or a POI type</Abstract>
			<DeclaredIn>OymPlace.h</DeclaredIn>
			
			<Declaration>@property (nonatomic, strong) NSString *type</Declaration>
			
			
			<Anchor>//api/name/type</Anchor>
            <NodeRef refid="1"/>
		</Token>
		
		<Token>
			<TokenIdentifier>//apple_ref/occ/instm/OymPlace/setComponents:</TokenIdentifier>
			<Abstract type="html">The administrative levels of the address</Abstract>
			<DeclaredIn>OymPlace.h</DeclaredIn>
			
			<Declaration>@property (nonatomic, strong) NSDictionary *components</Declaration>
			
			
			<Anchor>//api/name/components</Anchor>
            <NodeRef refid="1"/>
		</Token>
		
		<Token>
			<TokenIdentifier>//apple_ref/occ/instm/OymPlace/components</TokenIdentifier>
			<Abstract type="html">The administrative levels of the address</Abstract>
			<DeclaredIn>OymPlace.h</DeclaredIn>
			
			<Declaration>@property (nonatomic, strong) NSDictionary *components</Declaration>
			
			
			<Anchor>//api/name/components</Anchor>
            <NodeRef refid="1"/>
		</Token>
		
		<Token>
			<TokenIdentifier>//apple_ref/occ/instp/OymPlace/components</TokenIdentifier>
			<Abstract type="html">The administrative levels of the address</Abstract>
			<DeclaredIn>OymPlace.h</DeclaredIn>
			
			<Declaration>@property (nonatomic, strong) NSDictionary *components</Declaration>
			
			
			<Anchor>//api/name/components</Anchor>
            <NodeRef refid="1"/>
		</Token>
		
		<Token>
			<TokenIdentifier>//apple_ref/occ/instm/OymPlace/setGeometry:</TokenIdentifier>
			<Abstract type="html">The geometry of the place ( PlaceGeometry object )</Abstract>
			<DeclaredIn>OymPlace.h</DeclaredIn>
			
			<Declaration>@property (nonatomic, strong) PlaceGeometry *geometry</Declaration>
			
			
			<Anchor>//api/name/geometry</Anchor>
            <NodeRef refid="1"/>
		</Token>
		
		<Token>
			<TokenIdentifier>//apple_ref/occ/instm/OymPlace/geometry</TokenIdentifier>
			<Abstract type="html">The geometry of the place ( PlaceGeometry object )</Abstract>
			<DeclaredIn>OymPlace.h</DeclaredIn>
			
			<Declaration>@property (nonatomic, strong) PlaceGeometry *geometry</Declaration>
			
			
			<Anchor>//api/name/geometry</Anchor>
            <NodeRef refid="1"/>
		</Token>
		
		<Token>
			<TokenIdentifier>//apple_ref/occ/instp/OymPlace/geometry</TokenIdentifier>
			<Abstract type="html">The geometry of the place ( PlaceGeometry object )</Abstract>
			<DeclaredIn>OymPlace.h</DeclaredIn>
			
			<Declaration>@property (nonatomic, strong) PlaceGeometry *geometry</Declaration>
			
			
			<Anchor>//api/name/geometry</Anchor>
            <NodeRef refid="1"/>
		</Token>
		
        
        
	</File>
</Tokens>