<?xml version="1.0" encoding="UTF-8"?>
<Tokens version="1.0">
	<File path="Classes/RMOymTileSource.html">
		
		<Token>
			<TokenIdentifier>//apple_ref/occ/cl/RMOymTileSource</TokenIdentifier>
			<Abstract type="html">OnYourMap Tile for mapbox sdk</Abstract>
			<DeclaredIn>RMOymTileSource.h</DeclaredIn>
            
			
			<NodeRef refid="24"/>
		</Token>
		
		
		<Token>
			<TokenIdentifier>//apple_ref/occ/instm/RMOymTileSource/setOym_key:</TokenIdentifier>
			<Abstract type="html">Application Identifier when using OnYourMap Web Services</Abstract>
			<DeclaredIn>RMOymTileSource.h</DeclaredIn>
			
			<Declaration>@property (nonatomic, strong) NSString *oym_key</Declaration>
			
			
			<Anchor>//api/name/oym_key</Anchor>
            <NodeRef refid="24"/>
		</Token>
		
		<Token>
			<TokenIdentifier>//apple_ref/occ/instm/RMOymTileSource/oym_key</TokenIdentifier>
			<Abstract type="html">Application Identifier when using OnYourMap Web Services</Abstract>
			<DeclaredIn>RMOymTileSource.h</DeclaredIn>
			
			<Declaration>@property (nonatomic, strong) NSString *oym_key</Declaration>
			
			
			<Anchor>//api/name/oym_key</Anchor>
            <NodeRef refid="24"/>
		</Token>
		
		<Token>
			<TokenIdentifier>//apple_ref/occ/instp/RMOymTileSource/oym_key</TokenIdentifier>
			<Abstract type="html">Application Identifier when using OnYourMap Web Services</Abstract>
			<DeclaredIn>RMOymTileSource.h</DeclaredIn>
			
			<Declaration>@property (nonatomic, strong) NSString *oym_key</Declaration>
			
			
			<Anchor>//api/name/oym_key</Anchor>
            <NodeRef refid="24"/>
		</Token>
		
		<Token>
			<TokenIdentifier>//apple_ref/occ/instm/RMOymTileSource/setOym_tile_format:</TokenIdentifier>
			<Abstract type="html">Tile format for the map</Abstract>
			<DeclaredIn>RMOymTileSource.h</DeclaredIn>
			
			<Declaration>@property (nonatomic, strong) NSString *oym_tile_format</Declaration>
			
			
			<Anchor>//api/name/oym_tile_format</Anchor>
            <NodeRef refid="24"/>
		</Token>
		
		<Token>
			<TokenIdentifier>//apple_ref/occ/instm/RMOymTileSource/oym_tile_format</TokenIdentifier>
			<Abstract type="html">Tile format for the map</Abstract>
			<DeclaredIn>RMOymTileSource.h</DeclaredIn>
			
			<Declaration>@property (nonatomic, strong) NSString *oym_tile_format</Declaration>
			
			
			<Anchor>//api/name/oym_tile_format</Anchor>
            <NodeRef refid="24"/>
		</Token>
		
		<Token>
			<TokenIdentifier>//apple_ref/occ/instp/RMOymTileSource/oym_tile_format</TokenIdentifier>
			<Abstract type="html">Tile format for the map</Abstract>
			<DeclaredIn>RMOymTileSource.h</DeclaredIn>
			
			<Declaration>@property (nonatomic, strong) NSString *oym_tile_format</Declaration>
			
			
			<Anchor>//api/name/oym_tile_format</Anchor>
            <NodeRef refid="24"/>
		</Token>
		
		<Token>
			<TokenIdentifier>//apple_ref/occ/instm/RMOymTileSource/setOym_referer:</TokenIdentifier>
			<Abstract type="html">Application key when using OnYourMap Web Services</Abstract>
			<DeclaredIn>RMOymTileSource.h</DeclaredIn>
			
			<Declaration>@property (nonatomic, strong) NSString *oym_referer</Declaration>
			
			
			<Anchor>//api/name/oym_referer</Anchor>
            <NodeRef refid="24"/>
		</Token>
		
		<Token>
			<TokenIdentifier>//apple_ref/occ/instm/RMOymTileSource/oym_referer</TokenIdentifier>
			<Abstract type="html">Application key when using OnYourMap Web Services</Abstract>
			<DeclaredIn>RMOymTileSource.h</DeclaredIn>
			
			<Declaration>@property (nonatomic, strong) NSString *oym_referer</Declaration>
			
			
			<Anchor>//api/name/oym_referer</Anchor>
            <NodeRef refid="24"/>
		</Token>
		
		<Token>
			<TokenIdentifier>//apple_ref/occ/instp/RMOymTileSource/oym_referer</TokenIdentifier>
			<Abstract type="html">Application key when using OnYourMap Web Services</Abstract>
			<DeclaredIn>RMOymTileSource.h</DeclaredIn>
			
			<Declaration>@property (nonatomic, strong) NSString *oym_referer</Declaration>
			
			
			<Anchor>//api/name/oym_referer</Anchor>
            <NodeRef refid="24"/>
		</Token>
		
		<Token>
			<TokenIdentifier>//apple_ref/occ/instm/RMOymTileSource/setOym_url:</TokenIdentifier>
			<Abstract type="html">The url of OnYourMap Web Services</Abstract>
			<DeclaredIn>RMOymTileSource.h</DeclaredIn>
			
			<Declaration>@property (nonatomic, strong) NSString *oym_url</Declaration>
			
			
			<Anchor>//api/name/oym_url</Anchor>
            <NodeRef refid="24"/>
		</Token>
		
		<Token>
			<TokenIdentifier>//apple_ref/occ/instm/RMOymTileSource/oym_url</TokenIdentifier>
			<Abstract type="html">The url of OnYourMap Web Services</Abstract>
			<DeclaredIn>RMOymTileSource.h</DeclaredIn>
			
			<Declaration>@property (nonatomic, strong) NSString *oym_url</Declaration>
			
			
			<Anchor>//api/name/oym_url</Anchor>
            <NodeRef refid="24"/>
		</Token>
		
		<Token>
			<TokenIdentifier>//apple_ref/occ/instp/RMOymTileSource/oym_url</TokenIdentifier>
			<Abstract type="html">The url of OnYourMap Web Services</Abstract>
			<DeclaredIn>RMOymTileSource.h</DeclaredIn>
			
			<Declaration>@property (nonatomic, strong) NSString *oym_url</Declaration>
			
			
			<Anchor>//api/name/oym_url</Anchor>
            <NodeRef refid="24"/>
		</Token>
		
		<Token>
			<TokenIdentifier>//apple_ref/occ/instm/RMOymTileSource/initWithUrl:tile_format:key:referer:andSize:</TokenIdentifier>
			<Abstract type="html">Init the OnYourMap tiles provider.</Abstract>
			<DeclaredIn>RMOymTileSource.h</DeclaredIn>
			
			<Declaration>- (id)initWithUrl:(NSString *)url tile_format:(NSString *)tile_format key:(NSString *)key referer:(NSString *)referer andSize:(int)tileSizePixels</Declaration>
			<Parameters>
				<Parameter>
					<Name>url</Name>
					<Abstract type="html">OnYourMap WebService Url</Abstract>
				</Parameter><Parameter>
					<Name>tile_format</Name>
					<Abstract type="html">type of maps to be displayed</Abstract>
				</Parameter><Parameter>
					<Name>key</Name>
					<Abstract type="html">application key</Abstract>
				</Parameter><Parameter>
					<Name>referer</Name>
					<Abstract type="html">application Identifier</Abstract>
				</Parameter><Parameter>
					<Name>tileSizePixels</Name>
					<Abstract type="html">tile size in pixels</Abstract>
				</Parameter>
			</Parameters>
			
			<Anchor>//api/name/initWithUrl:tile_format:key:referer:andSize:</Anchor>
            <NodeRef refid="24"/>
		</Token>
		
		<Token>
			<TokenIdentifier>//apple_ref/occ/instm/RMOymTileSource/URLForTile:</TokenIdentifier>
			<Abstract type="html">Return an OnYourMap tile url</Abstract>
			<DeclaredIn>RMOymTileSource.h</DeclaredIn>
			
			<Declaration>- (NSURL *)URLForTile:(RMTile)tile</Declaration>
			<Parameters>
				<Parameter>
					<Name>tile</Name>
					<Abstract type="html">RMTile object</Abstract>
				</Parameter>
			</Parameters>
			
			<Anchor>//api/name/URLForTile:</Anchor>
            <NodeRef refid="24"/>
		</Token>
		
		<Token>
			<TokenIdentifier>//apple_ref/occ/instm/RMOymTileSource/getTileSizePixels</TokenIdentifier>
			<Abstract type="html">Return the tile size, in pixels</Abstract>
			<DeclaredIn>RMOymTileSource.h</DeclaredIn>
			
			<Declaration>- (int)getTileSizePixels</Declaration>
			
			
			<Anchor>//api/name/getTileSizePixels</Anchor>
            <NodeRef refid="24"/>
		</Token>
		
        
        
	</File>
</Tokens>