<?xml version="1.0" encoding="UTF-8"?>
<Tokens version="1.0">
	<File path="Classes/RMShapeAnnotation.html">
		
		<Token>
			<TokenIdentifier>//apple_ref/occ/cl/RMShapeAnnotation</TokenIdentifier>
			<Abstract type="html">An RMShapeAnnotation is an abstract subclass of RMAnnotation that is used to represent a shape consisting of one or more points. You should not create instances of this class directly. Instead, you should create instances of the RMPolylineAnnotation or RMPolygonAnnotation classes. However, you can use the properties of this class to access information about the specific points associated with the line or polygon.</Abstract>
			<DeclaredIn>RMShapeAnnotation.h</DeclaredIn>
            
			
			<NodeRef refid="29"/>
		</Token>
		
		
		<Token>
			<TokenIdentifier>//apple_ref/occ/instm/RMShapeAnnotation/initWithMapView:points:</TokenIdentifier>
			<Abstract type="html">Initialize a shape annotation.</Abstract>
			<DeclaredIn>RMShapeAnnotation.h</DeclaredIn>
			
			<Declaration>- (id)initWithMapView:(RMMapView *)aMapView points:(NSArray *)points</Declaration>
			<Parameters>
				<Parameter>
					<Name>aMapView</Name>
					<Abstract type="html">The map view on which to place the annotation.</Abstract>
				</Parameter><Parameter>
					<Name>points</Name>
					<Abstract type="html">An array of CLLocation points defining the shape. The data in this array is copied to the new object.</Abstract>
				</Parameter>
			</Parameters>
			<ReturnValue><Abstract type="html">An initialized shape annotation object, or nil if an annotation was unable to be initialized.</Abstract></ReturnValue>
			<Anchor>//api/name/initWithMapView:points:</Anchor>
            <NodeRef refid="29"/>
		</Token>
		
		<Token>
			<TokenIdentifier>//apple_ref/occ/instm/RMShapeAnnotation/setPoints:</TokenIdentifier>
			<Abstract type="html">The array of points associated with the shape. (read-only)</Abstract>
			<DeclaredIn>RMShapeAnnotation.h</DeclaredIn>
			
			<Declaration>@property (nonatomic, readonly, strong) NSArray *points</Declaration>
			
			
			<Anchor>//api/name/points</Anchor>
            <NodeRef refid="29"/>
		</Token>
		
		<Token>
			<TokenIdentifier>//apple_ref/occ/instm/RMShapeAnnotation/points</TokenIdentifier>
			<Abstract type="html">The array of points associated with the shape. (read-only)</Abstract>
			<DeclaredIn>RMShapeAnnotation.h</DeclaredIn>
			
			<Declaration>@property (nonatomic, readonly, strong) NSArray *points</Declaration>
			
			
			<Anchor>//api/name/points</Anchor>
            <NodeRef refid="29"/>
		</Token>
		
		<Token>
			<TokenIdentifier>//apple_ref/occ/instp/RMShapeAnnotation/points</TokenIdentifier>
			<Abstract type="html">The array of points associated with the shape. (read-only)</Abstract>
			<DeclaredIn>RMShapeAnnotation.h</DeclaredIn>
			
			<Declaration>@property (nonatomic, readonly, strong) NSArray *points</Declaration>
			
			
			<Anchor>//api/name/points</Anchor>
            <NodeRef refid="29"/>
		</Token>
		
		<Token>
			<TokenIdentifier>//apple_ref/occ/instm/RMShapeAnnotation/setLineColor:</TokenIdentifier>
			<Abstract type="html">A line color for the annotation&apos;s shape.</Abstract>
			<DeclaredIn>RMShapeAnnotation.h</DeclaredIn>
			
			<Declaration>@property (nonatomic, strong) UIColor *lineColor</Declaration>
			
			
			<Anchor>//api/name/lineColor</Anchor>
            <NodeRef refid="29"/>
		</Token>
		
		<Token>
			<TokenIdentifier>//apple_ref/occ/instm/RMShapeAnnotation/lineColor</TokenIdentifier>
			<Abstract type="html">A line color for the annotation&apos;s shape.</Abstract>
			<DeclaredIn>RMShapeAnnotation.h</DeclaredIn>
			
			<Declaration>@property (nonatomic, strong) UIColor *lineColor</Declaration>
			
			
			<Anchor>//api/name/lineColor</Anchor>
            <NodeRef refid="29"/>
		</Token>
		
		<Token>
			<TokenIdentifier>//apple_ref/occ/instp/RMShapeAnnotation/lineColor</TokenIdentifier>
			<Abstract type="html">A line color for the annotation&apos;s shape.</Abstract>
			<DeclaredIn>RMShapeAnnotation.h</DeclaredIn>
			
			<Declaration>@property (nonatomic, strong) UIColor *lineColor</Declaration>
			
			
			<Anchor>//api/name/lineColor</Anchor>
            <NodeRef refid="29"/>
		</Token>
		
		<Token>
			<TokenIdentifier>//apple_ref/occ/instm/RMShapeAnnotation/setLineWidth:</TokenIdentifier>
			<Abstract type="html">A line width for the annotation&apos;s shape.</Abstract>
			<DeclaredIn>RMShapeAnnotation.h</DeclaredIn>
			
			<Declaration>@property (nonatomic, assign) CGFloat lineWidth</Declaration>
			
			
			<Anchor>//api/name/lineWidth</Anchor>
            <NodeRef refid="29"/>
		</Token>
		
		<Token>
			<TokenIdentifier>//apple_ref/occ/instm/RMShapeAnnotation/lineWidth</TokenIdentifier>
			<Abstract type="html">A line width for the annotation&apos;s shape.</Abstract>
			<DeclaredIn>RMShapeAnnotation.h</DeclaredIn>
			
			<Declaration>@property (nonatomic, assign) CGFloat lineWidth</Declaration>
			
			
			<Anchor>//api/name/lineWidth</Anchor>
            <NodeRef refid="29"/>
		</Token>
		
		<Token>
			<TokenIdentifier>//apple_ref/occ/instp/RMShapeAnnotation/lineWidth</TokenIdentifier>
			<Abstract type="html">A line width for the annotation&apos;s shape.</Abstract>
			<DeclaredIn>RMShapeAnnotation.h</DeclaredIn>
			
			<Declaration>@property (nonatomic, assign) CGFloat lineWidth</Declaration>
			
			
			<Anchor>//api/name/lineWidth</Anchor>
            <NodeRef refid="29"/>
		</Token>
		
		<Token>
			<TokenIdentifier>//apple_ref/occ/instm/RMShapeAnnotation/setFillColor:</TokenIdentifier>
			<Abstract type="html">A fill color for the annotation&apos;s shape.</Abstract>
			<DeclaredIn>RMShapeAnnotation.h</DeclaredIn>
			
			<Declaration>@property (nonatomic, strong) UIColor *fillColor</Declaration>
			
			
			<Anchor>//api/name/fillColor</Anchor>
            <NodeRef refid="29"/>
		</Token>
		
		<Token>
			<TokenIdentifier>//apple_ref/occ/instm/RMShapeAnnotation/fillColor</TokenIdentifier>
			<Abstract type="html">A fill color for the annotation&apos;s shape.</Abstract>
			<DeclaredIn>RMShapeAnnotation.h</DeclaredIn>
			
			<Declaration>@property (nonatomic, strong) UIColor *fillColor</Declaration>
			
			
			<Anchor>//api/name/fillColor</Anchor>
            <NodeRef refid="29"/>
		</Token>
		
		<Token>
			<TokenIdentifier>//apple_ref/occ/instp/RMShapeAnnotation/fillColor</TokenIdentifier>
			<Abstract type="html">A fill color for the annotation&apos;s shape.</Abstract>
			<DeclaredIn>RMShapeAnnotation.h</DeclaredIn>
			
			<Declaration>@property (nonatomic, strong) UIColor *fillColor</Declaration>
			
			
			<Anchor>//api/name/fillColor</Anchor>
            <NodeRef refid="29"/>
		</Token>
		
        
        
	</File>
</Tokens>