<?xml version="1.0" encoding="UTF-8"?>
<Tokens version="1.0">
	<File path="Classes/RouteInstruction.html">
		
		<Token>
			<TokenIdentifier>//apple_ref/occ/cl/RouteInstruction</TokenIdentifier>
			<Abstract type="html">A Route instruction.</Abstract>
			<DeclaredIn>OymRoute.h</DeclaredIn>
            
			
			<NodeRef refid="35"/>
		</Token>
		
		
		<Token>
			<TokenIdentifier>//apple_ref/occ/instm/RouteInstruction/setID:</TokenIdentifier>
			<Abstract type="html">The maneuver index</Abstract>
			<DeclaredIn>OymRoute.h</DeclaredIn>
			
			<Declaration>@property int ID</Declaration>
			
			
			<Anchor>//api/name/ID</Anchor>
            <NodeRef refid="35"/>
		</Token>
		
		<Token>
			<TokenIdentifier>//apple_ref/occ/instm/RouteInstruction/ID</TokenIdentifier>
			<Abstract type="html">The maneuver index</Abstract>
			<DeclaredIn>OymRoute.h</DeclaredIn>
			
			<Declaration>@property int ID</Declaration>
			
			
			<Anchor>//api/name/ID</Anchor>
            <NodeRef refid="35"/>
		</Token>
		
		<Token>
			<TokenIdentifier>//apple_ref/occ/instp/RouteInstruction/ID</TokenIdentifier>
			<Abstract type="html">The maneuver index</Abstract>
			<DeclaredIn>OymRoute.h</DeclaredIn>
			
			<Declaration>@property int ID</Declaration>
			
			
			<Anchor>//api/name/ID</Anchor>
            <NodeRef refid="35"/>
		</Token>
		
		<Token>
			<TokenIdentifier>//apple_ref/occ/instm/RouteInstruction/setLength:</TokenIdentifier>
			<Abstract type="html">The length of the maneuver</Abstract>
			<DeclaredIn>OymRoute.h</DeclaredIn>
			
			<Declaration>@property float length</Declaration>
			
			
			<Anchor>//api/name/length</Anchor>
            <NodeRef refid="35"/>
		</Token>
		
		<Token>
			<TokenIdentifier>//apple_ref/occ/instm/RouteInstruction/length</TokenIdentifier>
			<Abstract type="html">The length of the maneuver</Abstract>
			<DeclaredIn>OymRoute.h</DeclaredIn>
			
			<Declaration>@property float length</Declaration>
			
			
			<Anchor>//api/name/length</Anchor>
            <NodeRef refid="35"/>
		</Token>
		
		<Token>
			<TokenIdentifier>//apple_ref/occ/instp/RouteInstruction/length</TokenIdentifier>
			<Abstract type="html">The length of the maneuver</Abstract>
			<DeclaredIn>OymRoute.h</DeclaredIn>
			
			<Declaration>@property float length</Declaration>
			
			
			<Anchor>//api/name/length</Anchor>
            <NodeRef refid="35"/>
		</Token>
		
		<Token>
			<TokenIdentifier>//apple_ref/occ/instm/RouteInstruction/setTime:</TokenIdentifier>
			<Abstract type="html">The time in minutes of the maneuver</Abstract>
			<DeclaredIn>OymRoute.h</DeclaredIn>
			
			<Declaration>@property float time</Declaration>
			
			
			<Anchor>//api/name/time</Anchor>
            <NodeRef refid="35"/>
		</Token>
		
		<Token>
			<TokenIdentifier>//apple_ref/occ/instm/RouteInstruction/time</TokenIdentifier>
			<Abstract type="html">The time in minutes of the maneuver</Abstract>
			<DeclaredIn>OymRoute.h</DeclaredIn>
			
			<Declaration>@property float time</Declaration>
			
			
			<Anchor>//api/name/time</Anchor>
            <NodeRef refid="35"/>
		</Token>
		
		<Token>
			<TokenIdentifier>//apple_ref/occ/instp/RouteInstruction/time</TokenIdentifier>
			<Abstract type="html">The time in minutes of the maneuver</Abstract>
			<DeclaredIn>OymRoute.h</DeclaredIn>
			
			<Declaration>@property float time</Declaration>
			
			
			<Anchor>//api/name/time</Anchor>
            <NodeRef refid="35"/>
		</Token>
		
		<Token>
			<TokenIdentifier>//apple_ref/occ/instm/RouteInstruction/setVertexIndex:</TokenIdentifier>
			<Abstract type="html">The vertex index inside Route.positions list</Abstract>
			<DeclaredIn>OymRoute.h</DeclaredIn>
			
			<Declaration>@property int vertexIndex</Declaration>
			
			
			<Anchor>//api/name/vertexIndex</Anchor>
            <NodeRef refid="35"/>
		</Token>
		
		<Token>
			<TokenIdentifier>//apple_ref/occ/instm/RouteInstruction/vertexIndex</TokenIdentifier>
			<Abstract type="html">The vertex index inside Route.positions list</Abstract>
			<DeclaredIn>OymRoute.h</DeclaredIn>
			
			<Declaration>@property int vertexIndex</Declaration>
			
			
			<Anchor>//api/name/vertexIndex</Anchor>
            <NodeRef refid="35"/>
		</Token>
		
		<Token>
			<TokenIdentifier>//apple_ref/occ/instp/RouteInstruction/vertexIndex</TokenIdentifier>
			<Abstract type="html">The vertex index inside Route.positions list</Abstract>
			<DeclaredIn>OymRoute.h</DeclaredIn>
			
			<Declaration>@property int vertexIndex</Declaration>
			
			
			<Anchor>//api/name/vertexIndex</Anchor>
            <NodeRef refid="35"/>
		</Token>
		
		<Token>
			<TokenIdentifier>//apple_ref/occ/instm/RouteInstruction/setPosition:</TokenIdentifier>
			<Abstract type="html">The WGS84 coordinate of the maneuver</Abstract>
			<DeclaredIn>OymRoute.h</DeclaredIn>
			
			<Declaration>@property CLLocationCoordinate2D position</Declaration>
			
			
			<Anchor>//api/name/position</Anchor>
            <NodeRef refid="35"/>
		</Token>
		
		<Token>
			<TokenIdentifier>//apple_ref/occ/instm/RouteInstruction/position</TokenIdentifier>
			<Abstract type="html">The WGS84 coordinate of the maneuver</Abstract>
			<DeclaredIn>OymRoute.h</DeclaredIn>
			
			<Declaration>@property CLLocationCoordinate2D position</Declaration>
			
			
			<Anchor>//api/name/position</Anchor>
            <NodeRef refid="35"/>
		</Token>
		
		<Token>
			<TokenIdentifier>//apple_ref/occ/instp/RouteInstruction/position</TokenIdentifier>
			<Abstract type="html">The WGS84 coordinate of the maneuver</Abstract>
			<DeclaredIn>OymRoute.h</DeclaredIn>
			
			<Declaration>@property CLLocationCoordinate2D position</Declaration>
			
			
			<Anchor>//api/name/position</Anchor>
            <NodeRef refid="35"/>
		</Token>
		
		<Token>
			<TokenIdentifier>//apple_ref/occ/instm/RouteInstruction/setAttributes:</TokenIdentifier>
			<Abstract type="html">The attributes of the maneuver. See render() method to automatically decode attributes into a human readable format</Abstract>
			<DeclaredIn>OymRoute.h</DeclaredIn>
			
			<Declaration>@property NSDictionary *attributes</Declaration>
			
			
			<Anchor>//api/name/attributes</Anchor>
            <NodeRef refid="35"/>
		</Token>
		
		<Token>
			<TokenIdentifier>//apple_ref/occ/instm/RouteInstruction/attributes</TokenIdentifier>
			<Abstract type="html">The attributes of the maneuver. See render() method to automatically decode attributes into a human readable format</Abstract>
			<DeclaredIn>OymRoute.h</DeclaredIn>
			
			<Declaration>@property NSDictionary *attributes</Declaration>
			
			
			<Anchor>//api/name/attributes</Anchor>
            <NodeRef refid="35"/>
		</Token>
		
		<Token>
			<TokenIdentifier>//apple_ref/occ/instp/RouteInstruction/attributes</TokenIdentifier>
			<Abstract type="html">The attributes of the maneuver. See render() method to automatically decode attributes into a human readable format</Abstract>
			<DeclaredIn>OymRoute.h</DeclaredIn>
			
			<Declaration>@property NSDictionary *attributes</Declaration>
			
			
			<Anchor>//api/name/attributes</Anchor>
            <NodeRef refid="35"/>
		</Token>
		
        
        
	</File>
</Tokens>