<?xml version="1.0" encoding="UTF-8"?>
<Tokens version="1.0">
	<File path="Classes/RMMapboxSource.html">
		
		<Token>
			<TokenIdentifier>//apple_ref/occ/cl/RMMapboxSource</TokenIdentifier>
			<Abstract type="html">An RMMapboxSource is used to display map tiles from a network-based map hosted on Mapbox or the open source TileStream software. Maps are referenced by their Mapbox map ID or by a file or URL containing TileJSON.</Abstract>
			<DeclaredIn>RMMapboxSource.h</DeclaredIn>
            
			
			<NodeRef refid="21"/>
		</Token>
		
		
		<Token>
			<TokenIdentifier>//apple_ref/occ/instm/RMMapboxSource/initWithMapID:</TokenIdentifier>
			<Abstract type="html">Initialize a tile source using the Mapbox map ID.</Abstract>
			<DeclaredIn>RMMapboxSource.h</DeclaredIn>
			
			<Declaration>- (id)initWithMapID:(NSString *)mapID</Declaration>
			<Parameters>
				<Parameter>
					<Name>mapID</Name>
					<Abstract type="html">The Mapbox map ID string, typically in the format &lt;username&gt;.map-&lt;random characters&gt;.</Abstract>
				</Parameter>
			</Parameters>
			<ReturnValue><Abstract type="html">An initialized Mapbox tile source.</Abstract></ReturnValue>
			<Anchor>//api/name/initWithMapID:</Anchor>
            <NodeRef refid="21"/>
		</Token>
		
		<Token>
			<TokenIdentifier>//apple_ref/occ/instm/RMMapboxSource/initWithReferenceURL:</TokenIdentifier>
			<Abstract type="html">Initialize a tile source with either a remote or local TileJSON structure.</Abstract>
			<DeclaredIn>RMMapboxSource.h</DeclaredIn>
			
	<RelatedTokens>
		<TokenIdentifier>//apple_ref/occ/instp/RMMapboxSource/tileJSON</TokenIdentifier>
		
	</RelatedTokens>
	
			<Declaration>- (id)initWithReferenceURL:(NSURL *)referenceURL</Declaration>
			<Parameters>
				<Parameter>
					<Name>referenceURL</Name>
					<Abstract type="html">A remote or file path URL pointing to a TileJSON structure.</Abstract>
				</Parameter>
			</Parameters>
			<ReturnValue><Abstract type="html">An initialized Mapbox tile source.</Abstract></ReturnValue>
			<Anchor>//api/name/initWithReferenceURL:</Anchor>
            <NodeRef refid="21"/>
		</Token>
		
		<Token>
			<TokenIdentifier>//apple_ref/occ/instm/RMMapboxSource/initWithTileJSON:</TokenIdentifier>
			<Abstract type="html">Initialize a tile source with TileJSON.</Abstract>
			<DeclaredIn>RMMapboxSource.h</DeclaredIn>
			
			<Declaration>- (id)initWithTileJSON:(NSString *)tileJSON</Declaration>
			<Parameters>
				<Parameter>
					<Name>tileJSON</Name>
					<Abstract type="html">A string containing TileJSON.</Abstract>
				</Parameter>
			</Parameters>
			<ReturnValue><Abstract type="html">An initialized Mapbox tile source.</Abstract></ReturnValue>
			<Anchor>//api/name/initWithTileJSON:</Anchor>
            <NodeRef refid="21"/>
		</Token>
		
		<Token>
			<TokenIdentifier>//apple_ref/occ/instm/RMMapboxSource/initWithMapID:enablingDataOnMapView:</TokenIdentifier>
			<Abstract type="html">For TileJSON 2.1.0+ layers, initialize a tile source and automatically find and add point annotations from simplestyle data.</Abstract>
			<DeclaredIn>RMMapboxSource.h</DeclaredIn>
			
			<Declaration>- (id)initWithMapID:(NSString *)mapID enablingDataOnMapView:(RMMapView *)mapView</Declaration>
			<Parameters>
				<Parameter>
					<Name>mapID</Name>
					<Abstract type="html">The Mapbox map ID string, typically in the format &lt;username&gt;.map-&lt;random characters&gt;.</Abstract>
				</Parameter><Parameter>
					<Name>mapView</Name>
					<Abstract type="html">A map view on which to display the annotations.</Abstract>
				</Parameter>
			</Parameters>
			<ReturnValue><Abstract type="html">An initialized Mapbox tile source.</Abstract></ReturnValue>
			<Anchor>//api/name/initWithMapID:enablingDataOnMapView:</Anchor>
            <NodeRef refid="21"/>
		</Token>
		
		<Token>
			<TokenIdentifier>//apple_ref/occ/instm/RMMapboxSource/initWithTileJSON:enablingDataOnMapView:</TokenIdentifier>
			<Abstract type="html">For TileJSON 2.1.0+ layers, initialize a tile source and automatically find and add point annotations from simplestyle data.</Abstract>
			<DeclaredIn>RMMapboxSource.h</DeclaredIn>
			
			<Declaration>- (id)initWithTileJSON:(NSString *)tileJSON enablingDataOnMapView:(RMMapView *)mapView</Declaration>
			<Parameters>
				<Parameter>
					<Name>tileJSON</Name>
					<Abstract type="html">A string containing TileJSON.</Abstract>
				</Parameter><Parameter>
					<Name>mapView</Name>
					<Abstract type="html">A map view on which to display the annotations.</Abstract>
				</Parameter>
			</Parameters>
			<ReturnValue><Abstract type="html">An initialized Mapbox tile source.</Abstract></ReturnValue>
			<Anchor>//api/name/initWithTileJSON:enablingDataOnMapView:</Anchor>
            <NodeRef refid="21"/>
		</Token>
		
		<Token>
			<TokenIdentifier>//apple_ref/occ/instm/RMMapboxSource/initWithReferenceURL:enablingDataOnMapView:</TokenIdentifier>
			<Abstract type="html">For TileJSON 2.1.0+ layers, initialize a tile source and automatically find and add point annotations from simplestyle data.</Abstract>
			<DeclaredIn>RMMapboxSource.h</DeclaredIn>
			
	<RelatedTokens>
		<TokenIdentifier>//apple_ref/occ/instp/RMMapboxSource/tileJSON</TokenIdentifier>
		
	</RelatedTokens>
	
			<Declaration>- (id)initWithReferenceURL:(NSURL *)referenceURL enablingDataOnMapView:(RMMapView *)mapView</Declaration>
			<Parameters>
				<Parameter>
					<Name>referenceURL</Name>
					<Abstract type="html">A remote or file path URL pointing to a TileJSON structure.</Abstract>
				</Parameter><Parameter>
					<Name>mapView</Name>
					<Abstract type="html">A map view on which to display the annotations.</Abstract>
				</Parameter>
			</Parameters>
			<ReturnValue><Abstract type="html">An initialized Mapbox tile source.</Abstract></ReturnValue>
			<Anchor>//api/name/initWithReferenceURL:enablingDataOnMapView:</Anchor>
            <NodeRef refid="21"/>
		</Token>
		
		<Token>
			<TokenIdentifier>//apple_ref/occ/instm/RMMapboxSource/legend</TokenIdentifier>
			<Abstract type="html">Any available HTML-formatted map legend data for the tile source, suitable for display in a UIWebView.</Abstract>
			<DeclaredIn>RMMapboxSource.h</DeclaredIn>
			
			<Declaration>- (NSString *)legend</Declaration>
			
			
			<Anchor>//api/name/legend</Anchor>
            <NodeRef refid="21"/>
		</Token>
		
		<Token>
			<TokenIdentifier>//apple_ref/occ/instm/RMMapboxSource/centerCoordinate</TokenIdentifier>
			<Abstract type="html">A suggested starting center coordinate for the map layer.</Abstract>
			<DeclaredIn>RMMapboxSource.h</DeclaredIn>
			
			<Declaration>- (CLLocationCoordinate2D)centerCoordinate</Declaration>
			
			
			<Anchor>//api/name/centerCoordinate</Anchor>
            <NodeRef refid="21"/>
		</Token>
		
		<Token>
			<TokenIdentifier>//apple_ref/occ/instm/RMMapboxSource/centerZoom</TokenIdentifier>
			<Abstract type="html">A suggested starting center zoom level for the map layer.</Abstract>
			<DeclaredIn>RMMapboxSource.h</DeclaredIn>
			
			<Declaration>- (float)centerZoom</Declaration>
			
			
			<Anchor>//api/name/centerZoom</Anchor>
            <NodeRef refid="21"/>
		</Token>
		
		<Token>
			<TokenIdentifier>//apple_ref/occ/instm/RMMapboxSource/coversFullWorld</TokenIdentifier>
			<Abstract type="html">Returns YES if the tile source provides full-world coverage; otherwise, returns NO.</Abstract>
			<DeclaredIn>RMMapboxSource.h</DeclaredIn>
			
			<Declaration>- (BOOL)coversFullWorld</Declaration>
			
			
			<Anchor>//api/name/coversFullWorld</Anchor>
            <NodeRef refid="21"/>
		</Token>
		
		<Token>
			<TokenIdentifier>//apple_ref/occ/instm/RMMapboxSource/setTileJSON:</TokenIdentifier>
			<Abstract type="html">The TileJSON for the map layer. Useful for saving locally to use in instantiating a tile source while offline.</Abstract>
			<DeclaredIn>RMMapboxSource.h</DeclaredIn>
			
			<Declaration>@property (nonatomic, readonly, strong) NSString *tileJSON</Declaration>
			
			
			<Anchor>//api/name/tileJSON</Anchor>
            <NodeRef refid="21"/>
		</Token>
		
		<Token>
			<TokenIdentifier>//apple_ref/occ/instm/RMMapboxSource/tileJSON</TokenIdentifier>
			<Abstract type="html">The TileJSON for the map layer. Useful for saving locally to use in instantiating a tile source while offline.</Abstract>
			<DeclaredIn>RMMapboxSource.h</DeclaredIn>
			
			<Declaration>@property (nonatomic, readonly, strong) NSString *tileJSON</Declaration>
			
			
			<Anchor>//api/name/tileJSON</Anchor>
            <NodeRef refid="21"/>
		</Token>
		
		<Token>
			<TokenIdentifier>//apple_ref/occ/instp/RMMapboxSource/tileJSON</TokenIdentifier>
			<Abstract type="html">The TileJSON for the map layer. Useful for saving locally to use in instantiating a tile source while offline.</Abstract>
			<DeclaredIn>RMMapboxSource.h</DeclaredIn>
			
			<Declaration>@property (nonatomic, readonly, strong) NSString *tileJSON</Declaration>
			
			
			<Anchor>//api/name/tileJSON</Anchor>
            <NodeRef refid="21"/>
		</Token>
		
		<Token>
			<TokenIdentifier>//apple_ref/occ/instm/RMMapboxSource/setTileJSONURL:</TokenIdentifier>
			<Abstract type="html">The TileJSON URL for the map layer. Useful for retrieving TileJSON to save locally to use in instantiating a tile source while offline.</Abstract>
			<DeclaredIn>RMMapboxSource.h</DeclaredIn>
			
			<Declaration>@property (nonatomic, readonly, strong) NSURL *tileJSONURL</Declaration>
			
			
			<Anchor>//api/name/tileJSONURL</Anchor>
            <NodeRef refid="21"/>
		</Token>
		
		<Token>
			<TokenIdentifier>//apple_ref/occ/instm/RMMapboxSource/tileJSONURL</TokenIdentifier>
			<Abstract type="html">The TileJSON URL for the map layer. Useful for retrieving TileJSON to save locally to use in instantiating a tile source while offline.</Abstract>
			<DeclaredIn>RMMapboxSource.h</DeclaredIn>
			
			<Declaration>@property (nonatomic, readonly, strong) NSURL *tileJSONURL</Declaration>
			
			
			<Anchor>//api/name/tileJSONURL</Anchor>
            <NodeRef refid="21"/>
		</Token>
		
		<Token>
			<TokenIdentifier>//apple_ref/occ/instp/RMMapboxSource/tileJSONURL</TokenIdentifier>
			<Abstract type="html">The TileJSON URL for the map layer. Useful for retrieving TileJSON to save locally to use in instantiating a tile source while offline.</Abstract>
			<DeclaredIn>RMMapboxSource.h</DeclaredIn>
			
			<Declaration>@property (nonatomic, readonly, strong) NSURL *tileJSONURL</Declaration>
			
			
			<Anchor>//api/name/tileJSONURL</Anchor>
            <NodeRef refid="21"/>
		</Token>
		
		<Token>
			<TokenIdentifier>//apple_ref/occ/instm/RMMapboxSource/setInfoDictionary:</TokenIdentifier>
			<Abstract type="html">The TileJSON data in dictionary format. Useful for retrieving info about the layer without having to parse TileJSON.</Abstract>
			<DeclaredIn>RMMapboxSource.h</DeclaredIn>
			
			<Declaration>@property (nonatomic, readonly, strong) NSDictionary *infoDictionary</Declaration>
			
			
			<Anchor>//api/name/infoDictionary</Anchor>
            <NodeRef refid="21"/>
		</Token>
		
		<Token>
			<TokenIdentifier>//apple_ref/occ/instm/RMMapboxSource/infoDictionary</TokenIdentifier>
			<Abstract type="html">The TileJSON data in dictionary format. Useful for retrieving info about the layer without having to parse TileJSON.</Abstract>
			<DeclaredIn>RMMapboxSource.h</DeclaredIn>
			
			<Declaration>@property (nonatomic, readonly, strong) NSDictionary *infoDictionary</Declaration>
			
			
			<Anchor>//api/name/infoDictionary</Anchor>
            <NodeRef refid="21"/>
		</Token>
		
		<Token>
			<TokenIdentifier>//apple_ref/occ/instp/RMMapboxSource/infoDictionary</TokenIdentifier>
			<Abstract type="html">The TileJSON data in dictionary format. Useful for retrieving info about the layer without having to parse TileJSON.</Abstract>
			<DeclaredIn>RMMapboxSource.h</DeclaredIn>
			
			<Declaration>@property (nonatomic, readonly, strong) NSDictionary *infoDictionary</Declaration>
			
			
			<Anchor>//api/name/infoDictionary</Anchor>
            <NodeRef refid="21"/>
		</Token>
		
		<Token>
			<TokenIdentifier>//apple_ref/occ/instm/RMMapboxSource/setImageQuality:</TokenIdentifier>
			<Abstract type="html">Image quality that is retrieved from the network. Useful for lower-bandwidth environments. The default is to provide full-quality imagery.</Abstract>
			<DeclaredIn>RMMapboxSource.h</DeclaredIn>
			
			<Declaration>@property (nonatomic, assign) RMMapboxSourceQuality imageQuality</Declaration>
			
			
			<Anchor>//api/name/imageQuality</Anchor>
            <NodeRef refid="21"/>
		</Token>
		
		<Token>
			<TokenIdentifier>//apple_ref/occ/instm/RMMapboxSource/imageQuality</TokenIdentifier>
			<Abstract type="html">Image quality that is retrieved from the network. Useful for lower-bandwidth environments. The default is to provide full-quality imagery.</Abstract>
			<DeclaredIn>RMMapboxSource.h</DeclaredIn>
			
			<Declaration>@property (nonatomic, assign) RMMapboxSourceQuality imageQuality</Declaration>
			
			
			<Anchor>//api/name/imageQuality</Anchor>
            <NodeRef refid="21"/>
		</Token>
		
		<Token>
			<TokenIdentifier>//apple_ref/occ/instp/RMMapboxSource/imageQuality</TokenIdentifier>
			<Abstract type="html">Image quality that is retrieved from the network. Useful for lower-bandwidth environments. The default is to provide full-quality imagery.</Abstract>
			<DeclaredIn>RMMapboxSource.h</DeclaredIn>
			
			<Declaration>@property (nonatomic, assign) RMMapboxSourceQuality imageQuality</Declaration>
			
			
			<Anchor>//api/name/imageQuality</Anchor>
            <NodeRef refid="21"/>
		</Token>
		
        
        
	</File>
</Tokens>