<?xml version="1.0" encoding="UTF-8"?>
<Tokens version="1.0">
	<File path="Classes/RouteSection.html">
		
		<Token>
			<TokenIdentifier>//apple_ref/occ/cl/RouteSection</TokenIdentifier>
			<Abstract type="html">A Route section.</Abstract>
			<DeclaredIn>OymRoute.h</DeclaredIn>
            
			
			<NodeRef refid="38"/>
		</Token>
		
		
		<Token>
			<TokenIdentifier>//apple_ref/occ/instm/RouteSection/setType:</TokenIdentifier>
			<Abstract type="html">The type of section</Abstract>
			<DeclaredIn>OymRoute.h</DeclaredIn>
			
			<Declaration>@property (nonatomic, strong) NSString *type</Declaration>
			
			
			<Anchor>//api/name/type</Anchor>
            <NodeRef refid="38"/>
		</Token>
		
		<Token>
			<TokenIdentifier>//apple_ref/occ/instm/RouteSection/type</TokenIdentifier>
			<Abstract type="html">The type of section</Abstract>
			<DeclaredIn>OymRoute.h</DeclaredIn>
			
			<Declaration>@property (nonatomic, strong) NSString *type</Declaration>
			
			
			<Anchor>//api/name/type</Anchor>
            <NodeRef refid="38"/>
		</Token>
		
		<Token>
			<TokenIdentifier>//apple_ref/occ/instp/RouteSection/type</TokenIdentifier>
			<Abstract type="html">The type of section</Abstract>
			<DeclaredIn>OymRoute.h</DeclaredIn>
			
			<Declaration>@property (nonatomic, strong) NSString *type</Declaration>
			
			
			<Anchor>//api/name/type</Anchor>
            <NodeRef refid="38"/>
		</Token>
		
		<Token>
			<TokenIdentifier>//apple_ref/occ/instm/RouteSection/setStartVertex:</TokenIdentifier>
			<Abstract type="html">The start vertex of the section in the Route.positions list</Abstract>
			<DeclaredIn>OymRoute.h</DeclaredIn>
			
			<Declaration>@property int startVertex</Declaration>
			
			
			<Anchor>//api/name/startVertex</Anchor>
            <NodeRef refid="38"/>
		</Token>
		
		<Token>
			<TokenIdentifier>//apple_ref/occ/instm/RouteSection/startVertex</TokenIdentifier>
			<Abstract type="html">The start vertex of the section in the Route.positions list</Abstract>
			<DeclaredIn>OymRoute.h</DeclaredIn>
			
			<Declaration>@property int startVertex</Declaration>
			
			
			<Anchor>//api/name/startVertex</Anchor>
            <NodeRef refid="38"/>
		</Token>
		
		<Token>
			<TokenIdentifier>//apple_ref/occ/instp/RouteSection/startVertex</TokenIdentifier>
			<Abstract type="html">The start vertex of the section in the Route.positions list</Abstract>
			<DeclaredIn>OymRoute.h</DeclaredIn>
			
			<Declaration>@property int startVertex</Declaration>
			
			
			<Anchor>//api/name/startVertex</Anchor>
            <NodeRef refid="38"/>
		</Token>
		
		<Token>
			<TokenIdentifier>//apple_ref/occ/instm/RouteSection/setEndVertex:</TokenIdentifier>
			<Abstract type="html">The end vertex of the section in the Route.positions list</Abstract>
			<DeclaredIn>OymRoute.h</DeclaredIn>
			
			<Declaration>@property int endVertex</Declaration>
			
			
			<Anchor>//api/name/endVertex</Anchor>
            <NodeRef refid="38"/>
		</Token>
		
		<Token>
			<TokenIdentifier>//apple_ref/occ/instm/RouteSection/endVertex</TokenIdentifier>
			<Abstract type="html">The end vertex of the section in the Route.positions list</Abstract>
			<DeclaredIn>OymRoute.h</DeclaredIn>
			
			<Declaration>@property int endVertex</Declaration>
			
			
			<Anchor>//api/name/endVertex</Anchor>
            <NodeRef refid="38"/>
		</Token>
		
		<Token>
			<TokenIdentifier>//apple_ref/occ/instp/RouteSection/endVertex</TokenIdentifier>
			<Abstract type="html">The end vertex of the section in the Route.positions list</Abstract>
			<DeclaredIn>OymRoute.h</DeclaredIn>
			
			<Declaration>@property int endVertex</Declaration>
			
			
			<Anchor>//api/name/endVertex</Anchor>
            <NodeRef refid="38"/>
		</Token>
		
		<Token>
			<TokenIdentifier>//apple_ref/occ/instm/RouteSection/setStartInstruction:</TokenIdentifier>
			<Abstract type="html">The start instruction in the Route.instructions list</Abstract>
			<DeclaredIn>OymRoute.h</DeclaredIn>
			
			<Declaration>@property int startInstruction</Declaration>
			
			
			<Anchor>//api/name/startInstruction</Anchor>
            <NodeRef refid="38"/>
		</Token>
		
		<Token>
			<TokenIdentifier>//apple_ref/occ/instm/RouteSection/startInstruction</TokenIdentifier>
			<Abstract type="html">The start instruction in the Route.instructions list</Abstract>
			<DeclaredIn>OymRoute.h</DeclaredIn>
			
			<Declaration>@property int startInstruction</Declaration>
			
			
			<Anchor>//api/name/startInstruction</Anchor>
            <NodeRef refid="38"/>
		</Token>
		
		<Token>
			<TokenIdentifier>//apple_ref/occ/instp/RouteSection/startInstruction</TokenIdentifier>
			<Abstract type="html">The start instruction in the Route.instructions list</Abstract>
			<DeclaredIn>OymRoute.h</DeclaredIn>
			
			<Declaration>@property int startInstruction</Declaration>
			
			
			<Anchor>//api/name/startInstruction</Anchor>
            <NodeRef refid="38"/>
		</Token>
		
		<Token>
			<TokenIdentifier>//apple_ref/occ/instm/RouteSection/setEndInstruction:</TokenIdentifier>
			<Abstract type="html">The end instruction in the Route.instructions list</Abstract>
			<DeclaredIn>OymRoute.h</DeclaredIn>
			
			<Declaration>@property int endInstruction</Declaration>
			
			
			<Anchor>//api/name/endInstruction</Anchor>
            <NodeRef refid="38"/>
		</Token>
		
		<Token>
			<TokenIdentifier>//apple_ref/occ/instm/RouteSection/endInstruction</TokenIdentifier>
			<Abstract type="html">The end instruction in the Route.instructions list</Abstract>
			<DeclaredIn>OymRoute.h</DeclaredIn>
			
			<Declaration>@property int endInstruction</Declaration>
			
			
			<Anchor>//api/name/endInstruction</Anchor>
            <NodeRef refid="38"/>
		</Token>
		
		<Token>
			<TokenIdentifier>//apple_ref/occ/instp/RouteSection/endInstruction</TokenIdentifier>
			<Abstract type="html">The end instruction in the Route.instructions list</Abstract>
			<DeclaredIn>OymRoute.h</DeclaredIn>
			
			<Declaration>@property int endInstruction</Declaration>
			
			
			<Anchor>//api/name/endInstruction</Anchor>
            <NodeRef refid="38"/>
		</Token>
		
		<Token>
			<TokenIdentifier>//apple_ref/occ/instm/RouteSection/setTrunkCode:</TokenIdentifier>
			<Abstract type="html">Some additional info about the type of section</Abstract>
			<DeclaredIn>OymRoute.h</DeclaredIn>
			
			<Declaration>@property (nonatomic, strong) NSString *trunkCode</Declaration>
			
			
			<Anchor>//api/name/trunkCode</Anchor>
            <NodeRef refid="38"/>
		</Token>
		
		<Token>
			<TokenIdentifier>//apple_ref/occ/instm/RouteSection/trunkCode</TokenIdentifier>
			<Abstract type="html">Some additional info about the type of section</Abstract>
			<DeclaredIn>OymRoute.h</DeclaredIn>
			
			<Declaration>@property (nonatomic, strong) NSString *trunkCode</Declaration>
			
			
			<Anchor>//api/name/trunkCode</Anchor>
            <NodeRef refid="38"/>
		</Token>
		
		<Token>
			<TokenIdentifier>//apple_ref/occ/instp/RouteSection/trunkCode</TokenIdentifier>
			<Abstract type="html">Some additional info about the type of section</Abstract>
			<DeclaredIn>OymRoute.h</DeclaredIn>
			
			<Declaration>@property (nonatomic, strong) NSString *trunkCode</Declaration>
			
			
			<Anchor>//api/name/trunkCode</Anchor>
            <NodeRef refid="38"/>
		</Token>
		
        
        
	</File>
</Tokens>