<?xml version="1.0" encoding="UTF-8"?>
<Tokens version="1.0">
	<File path="Classes/RouteResponse.html">
		
		<Token>
			<TokenIdentifier>//apple_ref/occ/cl/RouteResponse</TokenIdentifier>
			<Abstract type="html">A Route response.</Abstract>
			<DeclaredIn>OymRoute.h</DeclaredIn>
            
			
			<NodeRef refid="37"/>
		</Token>
		
		
		<Token>
			<TokenIdentifier>//apple_ref/occ/instm/RouteResponse/setRouteKey:</TokenIdentifier>
			<Abstract type="html">A unique identifier for this route</Abstract>
			<DeclaredIn>OymRoute.h</DeclaredIn>
			
			<Declaration>@property (nonatomic, strong) NSString *routeKey</Declaration>
			
			
			<Anchor>//api/name/routeKey</Anchor>
            <NodeRef refid="37"/>
		</Token>
		
		<Token>
			<TokenIdentifier>//apple_ref/occ/instm/RouteResponse/routeKey</TokenIdentifier>
			<Abstract type="html">A unique identifier for this route</Abstract>
			<DeclaredIn>OymRoute.h</DeclaredIn>
			
			<Declaration>@property (nonatomic, strong) NSString *routeKey</Declaration>
			
			
			<Anchor>//api/name/routeKey</Anchor>
            <NodeRef refid="37"/>
		</Token>
		
		<Token>
			<TokenIdentifier>//apple_ref/occ/instp/RouteResponse/routeKey</TokenIdentifier>
			<Abstract type="html">A unique identifier for this route</Abstract>
			<DeclaredIn>OymRoute.h</DeclaredIn>
			
			<Declaration>@property (nonatomic, strong) NSString *routeKey</Declaration>
			
			
			<Anchor>//api/name/routeKey</Anchor>
            <NodeRef refid="37"/>
		</Token>
		
		<Token>
			<TokenIdentifier>//apple_ref/occ/instm/RouteResponse/setDistanceUnit:</TokenIdentifier>
			<Abstract type="html">The distance unit: UNITKM or UNITMILES</Abstract>
			<DeclaredIn>OymRoute.h</DeclaredIn>
			
			<Declaration>@property (nonatomic, strong) NSString *distanceUnit</Declaration>
			
			
			<Anchor>//api/name/distanceUnit</Anchor>
            <NodeRef refid="37"/>
		</Token>
		
		<Token>
			<TokenIdentifier>//apple_ref/occ/instm/RouteResponse/distanceUnit</TokenIdentifier>
			<Abstract type="html">The distance unit: UNITKM or UNITMILES</Abstract>
			<DeclaredIn>OymRoute.h</DeclaredIn>
			
			<Declaration>@property (nonatomic, strong) NSString *distanceUnit</Declaration>
			
			
			<Anchor>//api/name/distanceUnit</Anchor>
            <NodeRef refid="37"/>
		</Token>
		
		<Token>
			<TokenIdentifier>//apple_ref/occ/instp/RouteResponse/distanceUnit</TokenIdentifier>
			<Abstract type="html">The distance unit: UNITKM or UNITMILES</Abstract>
			<DeclaredIn>OymRoute.h</DeclaredIn>
			
			<Declaration>@property (nonatomic, strong) NSString *distanceUnit</Declaration>
			
			
			<Anchor>//api/name/distanceUnit</Anchor>
            <NodeRef refid="37"/>
		</Token>
		
		<Token>
			<TokenIdentifier>//apple_ref/occ/instm/RouteResponse/setLength:</TokenIdentifier>
			<Abstract type="html">The total length of the route, depending on distanceUnit</Abstract>
			<DeclaredIn>OymRoute.h</DeclaredIn>
			
			<Declaration>@property float length</Declaration>
			
			
			<Anchor>//api/name/length</Anchor>
            <NodeRef refid="37"/>
		</Token>
		
		<Token>
			<TokenIdentifier>//apple_ref/occ/instm/RouteResponse/length</TokenIdentifier>
			<Abstract type="html">The total length of the route, depending on distanceUnit</Abstract>
			<DeclaredIn>OymRoute.h</DeclaredIn>
			
			<Declaration>@property float length</Declaration>
			
			
			<Anchor>//api/name/length</Anchor>
            <NodeRef refid="37"/>
		</Token>
		
		<Token>
			<TokenIdentifier>//apple_ref/occ/instp/RouteResponse/length</TokenIdentifier>
			<Abstract type="html">The total length of the route, depending on distanceUnit</Abstract>
			<DeclaredIn>OymRoute.h</DeclaredIn>
			
			<Declaration>@property float length</Declaration>
			
			
			<Anchor>//api/name/length</Anchor>
            <NodeRef refid="37"/>
		</Token>
		
		<Token>
			<TokenIdentifier>//apple_ref/occ/instm/RouteResponse/setTime:</TokenIdentifier>
			<Abstract type="html">The total time of the route, in minutes</Abstract>
			<DeclaredIn>OymRoute.h</DeclaredIn>
			
			<Declaration>@property float time</Declaration>
			
			
			<Anchor>//api/name/time</Anchor>
            <NodeRef refid="37"/>
		</Token>
		
		<Token>
			<TokenIdentifier>//apple_ref/occ/instm/RouteResponse/time</TokenIdentifier>
			<Abstract type="html">The total time of the route, in minutes</Abstract>
			<DeclaredIn>OymRoute.h</DeclaredIn>
			
			<Declaration>@property float time</Declaration>
			
			
			<Anchor>//api/name/time</Anchor>
            <NodeRef refid="37"/>
		</Token>
		
		<Token>
			<TokenIdentifier>//apple_ref/occ/instp/RouteResponse/time</TokenIdentifier>
			<Abstract type="html">The total time of the route, in minutes</Abstract>
			<DeclaredIn>OymRoute.h</DeclaredIn>
			
			<Declaration>@property float time</Declaration>
			
			
			<Anchor>//api/name/time</Anchor>
            <NodeRef refid="37"/>
		</Token>
		
		<Token>
			<TokenIdentifier>//apple_ref/occ/instm/RouteResponse/setInstructions:</TokenIdentifier>
			<Abstract type="html">A list of route instructions, for navigation</Abstract>
			<DeclaredIn>OymRoute.h</DeclaredIn>
			
			<Declaration>@property (nonatomic, strong) NSArray *instructions</Declaration>
			
			
			<Anchor>//api/name/instructions</Anchor>
            <NodeRef refid="37"/>
		</Token>
		
		<Token>
			<TokenIdentifier>//apple_ref/occ/instm/RouteResponse/instructions</TokenIdentifier>
			<Abstract type="html">A list of route instructions, for navigation</Abstract>
			<DeclaredIn>OymRoute.h</DeclaredIn>
			
			<Declaration>@property (nonatomic, strong) NSArray *instructions</Declaration>
			
			
			<Anchor>//api/name/instructions</Anchor>
            <NodeRef refid="37"/>
		</Token>
		
		<Token>
			<TokenIdentifier>//apple_ref/occ/instp/RouteResponse/instructions</TokenIdentifier>
			<Abstract type="html">A list of route instructions, for navigation</Abstract>
			<DeclaredIn>OymRoute.h</DeclaredIn>
			
			<Declaration>@property (nonatomic, strong) NSArray *instructions</Declaration>
			
			
			<Anchor>//api/name/instructions</Anchor>
            <NodeRef refid="37"/>
		</Token>
		
		<Token>
			<TokenIdentifier>//apple_ref/occ/instm/RouteResponse/setSections:</TokenIdentifier>
			<Abstract type="html">A list of route sections, for navigation</Abstract>
			<DeclaredIn>OymRoute.h</DeclaredIn>
			
			<Declaration>@property (nonatomic, strong) NSArray *sections</Declaration>
			
			
			<Anchor>//api/name/sections</Anchor>
            <NodeRef refid="37"/>
		</Token>
		
		<Token>
			<TokenIdentifier>//apple_ref/occ/instm/RouteResponse/sections</TokenIdentifier>
			<Abstract type="html">A list of route sections, for navigation</Abstract>
			<DeclaredIn>OymRoute.h</DeclaredIn>
			
			<Declaration>@property (nonatomic, strong) NSArray *sections</Declaration>
			
			
			<Anchor>//api/name/sections</Anchor>
            <NodeRef refid="37"/>
		</Token>
		
		<Token>
			<TokenIdentifier>//apple_ref/occ/instp/RouteResponse/sections</TokenIdentifier>
			<Abstract type="html">A list of route sections, for navigation</Abstract>
			<DeclaredIn>OymRoute.h</DeclaredIn>
			
			<Declaration>@property (nonatomic, strong) NSArray *sections</Declaration>
			
			
			<Anchor>//api/name/sections</Anchor>
            <NodeRef refid="37"/>
		</Token>
		
		<Token>
			<TokenIdentifier>//apple_ref/occ/instm/RouteResponse/setVias:</TokenIdentifier>
			<Abstract type="html">A list of route vias, for navigation</Abstract>
			<DeclaredIn>OymRoute.h</DeclaredIn>
			
			<Declaration>@property (nonatomic, strong) NSArray *vias</Declaration>
			
			
			<Anchor>//api/name/vias</Anchor>
            <NodeRef refid="37"/>
		</Token>
		
		<Token>
			<TokenIdentifier>//apple_ref/occ/instm/RouteResponse/vias</TokenIdentifier>
			<Abstract type="html">A list of route vias, for navigation</Abstract>
			<DeclaredIn>OymRoute.h</DeclaredIn>
			
			<Declaration>@property (nonatomic, strong) NSArray *vias</Declaration>
			
			
			<Anchor>//api/name/vias</Anchor>
            <NodeRef refid="37"/>
		</Token>
		
		<Token>
			<TokenIdentifier>//apple_ref/occ/instp/RouteResponse/vias</TokenIdentifier>
			<Abstract type="html">A list of route vias, for navigation</Abstract>
			<DeclaredIn>OymRoute.h</DeclaredIn>
			
			<Declaration>@property (nonatomic, strong) NSArray *vias</Declaration>
			
			
			<Anchor>//api/name/vias</Anchor>
            <NodeRef refid="37"/>
		</Token>
		
		<Token>
			<TokenIdentifier>//apple_ref/occ/instm/RouteResponse/setBounds:</TokenIdentifier>
			<Abstract type="html">The bounds of the route</Abstract>
			<DeclaredIn>OymRoute.h</DeclaredIn>
			
			<Declaration>@property RMSphericalTrapezium bounds</Declaration>
			
			
			<Anchor>//api/name/bounds</Anchor>
            <NodeRef refid="37"/>
		</Token>
		
		<Token>
			<TokenIdentifier>//apple_ref/occ/instm/RouteResponse/bounds</TokenIdentifier>
			<Abstract type="html">The bounds of the route</Abstract>
			<DeclaredIn>OymRoute.h</DeclaredIn>
			
			<Declaration>@property RMSphericalTrapezium bounds</Declaration>
			
			
			<Anchor>//api/name/bounds</Anchor>
            <NodeRef refid="37"/>
		</Token>
		
		<Token>
			<TokenIdentifier>//apple_ref/occ/instp/RouteResponse/bounds</TokenIdentifier>
			<Abstract type="html">The bounds of the route</Abstract>
			<DeclaredIn>OymRoute.h</DeclaredIn>
			
			<Declaration>@property RMSphericalTrapezium bounds</Declaration>
			
			
			<Anchor>//api/name/bounds</Anchor>
            <NodeRef refid="37"/>
		</Token>
		
		<Token>
			<TokenIdentifier>//apple_ref/occ/instm/RouteResponse/setPositions:</TokenIdentifier>
			<Abstract type="html">The list of points for the route</Abstract>
			<DeclaredIn>OymRoute.h</DeclaredIn>
			
			<Declaration>@property (nonatomic, strong) NSArray *positions</Declaration>
			
			
			<Anchor>//api/name/positions</Anchor>
            <NodeRef refid="37"/>
		</Token>
		
		<Token>
			<TokenIdentifier>//apple_ref/occ/instm/RouteResponse/positions</TokenIdentifier>
			<Abstract type="html">The list of points for the route</Abstract>
			<DeclaredIn>OymRoute.h</DeclaredIn>
			
			<Declaration>@property (nonatomic, strong) NSArray *positions</Declaration>
			
			
			<Anchor>//api/name/positions</Anchor>
            <NodeRef refid="37"/>
		</Token>
		
		<Token>
			<TokenIdentifier>//apple_ref/occ/instp/RouteResponse/positions</TokenIdentifier>
			<Abstract type="html">The list of points for the route</Abstract>
			<DeclaredIn>OymRoute.h</DeclaredIn>
			
			<Declaration>@property (nonatomic, strong) NSArray *positions</Declaration>
			
			
			<Anchor>//api/name/positions</Anchor>
            <NodeRef refid="37"/>
		</Token>
		
		<Token>
			<TokenIdentifier>//apple_ref/occ/instm/RouteResponse/setLevels:</TokenIdentifier>
			<Abstract type="html">A list of bitmask for each points in positions list</Abstract>
			<DeclaredIn>OymRoute.h</DeclaredIn>
			
			<Declaration>@property (nonatomic, strong) NSArray *levels</Declaration>
			
			
			<Anchor>//api/name/levels</Anchor>
            <NodeRef refid="37"/>
		</Token>
		
		<Token>
			<TokenIdentifier>//apple_ref/occ/instm/RouteResponse/levels</TokenIdentifier>
			<Abstract type="html">A list of bitmask for each points in positions list</Abstract>
			<DeclaredIn>OymRoute.h</DeclaredIn>
			
			<Declaration>@property (nonatomic, strong) NSArray *levels</Declaration>
			
			
			<Anchor>//api/name/levels</Anchor>
            <NodeRef refid="37"/>
		</Token>
		
		<Token>
			<TokenIdentifier>//apple_ref/occ/instp/RouteResponse/levels</TokenIdentifier>
			<Abstract type="html">A list of bitmask for each points in positions list</Abstract>
			<DeclaredIn>OymRoute.h</DeclaredIn>
			
			<Declaration>@property (nonatomic, strong) NSArray *levels</Declaration>
			
			
			<Anchor>//api/name/levels</Anchor>
            <NodeRef refid="37"/>
		</Token>
		
		<Token>
			<TokenIdentifier>//apple_ref/occ/instm/RouteResponse/init</TokenIdentifier>
			<Abstract type="html">A list of bitmask for each points in positions list *</Abstract>
			<DeclaredIn>OymRoute.h</DeclaredIn>
			
			<Declaration>- (id)init</Declaration>
			
			
			<Anchor>//api/name/init</Anchor>
            <NodeRef refid="37"/>
		</Token>
		
        
        
	</File>
</Tokens>