<?xml version="1.0" encoding="UTF-8"?>
<Tokens version="1.0">
	<File path="Classes/PlaceNearestResponse.html">
		
		<Token>
			<TokenIdentifier>//apple_ref/occ/cl/PlaceNearestResponse</TokenIdentifier>
			<Abstract type="html">Response to a place nearest request.</Abstract>
			<DeclaredIn>OymPlace.h</DeclaredIn>
            
			
			<NodeRef refid="5"/>
		</Token>
		
		
		<Token>
			<TokenIdentifier>//apple_ref/occ/instm/PlaceNearestResponse/setTime:</TokenIdentifier>
			<Abstract type="html">The response time in milliseconds</Abstract>
			<DeclaredIn>OymPlace.h</DeclaredIn>
			
			<Declaration>@property int time</Declaration>
			
			
			<Anchor>//api/name/time</Anchor>
            <NodeRef refid="5"/>
		</Token>
		
		<Token>
			<TokenIdentifier>//apple_ref/occ/instm/PlaceNearestResponse/time</TokenIdentifier>
			<Abstract type="html">The response time in milliseconds</Abstract>
			<DeclaredIn>OymPlace.h</DeclaredIn>
			
			<Declaration>@property int time</Declaration>
			
			
			<Anchor>//api/name/time</Anchor>
            <NodeRef refid="5"/>
		</Token>
		
		<Token>
			<TokenIdentifier>//apple_ref/occ/instp/PlaceNearestResponse/time</TokenIdentifier>
			<Abstract type="html">The response time in milliseconds</Abstract>
			<DeclaredIn>OymPlace.h</DeclaredIn>
			
			<Declaration>@property int time</Declaration>
			
			
			<Anchor>//api/name/time</Anchor>
            <NodeRef refid="5"/>
		</Token>
		
		<Token>
			<TokenIdentifier>//apple_ref/occ/instm/PlaceNearestResponse/setTotalHits:</TokenIdentifier>
			<Abstract type="html">The number of places found</Abstract>
			<DeclaredIn>OymPlace.h</DeclaredIn>
			
			<Declaration>@property int totalHits</Declaration>
			
			
			<Anchor>//api/name/totalHits</Anchor>
            <NodeRef refid="5"/>
		</Token>
		
		<Token>
			<TokenIdentifier>//apple_ref/occ/instm/PlaceNearestResponse/totalHits</TokenIdentifier>
			<Abstract type="html">The number of places found</Abstract>
			<DeclaredIn>OymPlace.h</DeclaredIn>
			
			<Declaration>@property int totalHits</Declaration>
			
			
			<Anchor>//api/name/totalHits</Anchor>
            <NodeRef refid="5"/>
		</Token>
		
		<Token>
			<TokenIdentifier>//apple_ref/occ/instp/PlaceNearestResponse/totalHits</TokenIdentifier>
			<Abstract type="html">The number of places found</Abstract>
			<DeclaredIn>OymPlace.h</DeclaredIn>
			
			<Declaration>@property int totalHits</Declaration>
			
			
			<Anchor>//api/name/totalHits</Anchor>
            <NodeRef refid="5"/>
		</Token>
		
		<Token>
			<TokenIdentifier>//apple_ref/occ/instm/PlaceNearestResponse/setStatus:</TokenIdentifier>
			<Abstract type="html">The response status</Abstract>
			<DeclaredIn>OymPlace.h</DeclaredIn>
			
			<Declaration>@property NSString *status</Declaration>
			
			
			<Anchor>//api/name/status</Anchor>
            <NodeRef refid="5"/>
		</Token>
		
		<Token>
			<TokenIdentifier>//apple_ref/occ/instm/PlaceNearestResponse/status</TokenIdentifier>
			<Abstract type="html">The response status</Abstract>
			<DeclaredIn>OymPlace.h</DeclaredIn>
			
			<Declaration>@property NSString *status</Declaration>
			
			
			<Anchor>//api/name/status</Anchor>
            <NodeRef refid="5"/>
		</Token>
		
		<Token>
			<TokenIdentifier>//apple_ref/occ/instp/PlaceNearestResponse/status</TokenIdentifier>
			<Abstract type="html">The response status</Abstract>
			<DeclaredIn>OymPlace.h</DeclaredIn>
			
			<Declaration>@property NSString *status</Declaration>
			
			
			<Anchor>//api/name/status</Anchor>
            <NodeRef refid="5"/>
		</Token>
		
		<Token>
			<TokenIdentifier>//apple_ref/occ/instm/PlaceNearestResponse/setPlaces:</TokenIdentifier>
			<Abstract type="html">The nearest places, an array of OymPlace</Abstract>
			<DeclaredIn>OymPlace.h</DeclaredIn>
			
			<Declaration>@property NSArray *places</Declaration>
			
			
			<Anchor>//api/name/places</Anchor>
            <NodeRef refid="5"/>
		</Token>
		
		<Token>
			<TokenIdentifier>//apple_ref/occ/instm/PlaceNearestResponse/places</TokenIdentifier>
			<Abstract type="html">The nearest places, an array of OymPlace</Abstract>
			<DeclaredIn>OymPlace.h</DeclaredIn>
			
			<Declaration>@property NSArray *places</Declaration>
			
			
			<Anchor>//api/name/places</Anchor>
            <NodeRef refid="5"/>
		</Token>
		
		<Token>
			<TokenIdentifier>//apple_ref/occ/instp/PlaceNearestResponse/places</TokenIdentifier>
			<Abstract type="html">The nearest places, an array of OymPlace</Abstract>
			<DeclaredIn>OymPlace.h</DeclaredIn>
			
			<Declaration>@property NSArray *places</Declaration>
			
			
			<Anchor>//api/name/places</Anchor>
            <NodeRef refid="5"/>
		</Token>
		
        
        
	</File>
</Tokens>