<?xml version="1.0" encoding="UTF-8"?>
<Tokens version="1.0">
	<File path="Classes/OymWSClient.html">
		
		<Token>
			<TokenIdentifier>//apple_ref/occ/cl/OymWSClient</TokenIdentifier>
			<Abstract type="html">OnYourMap GIS Web Services Client. &lt;br&gt;
Features: &lt;br&gt;
- Geocoding (address lookup) &lt;br&gt;
- Reverse geocoding (get address from coordinate) &lt;br&gt;
- Routing (get directions between 2 locations) &lt;br&gt;&lt;br&gt;
Before starting using this client, you must have first contacted OnYourMap support in order to get credentials for accessing its Web Services.
Three parameters are mandatory: &lt;br&gt;
- webServiceUrl: The url of OnYourMap Web Services &lt;br&gt;
- appReferer: Your application Identifier when using OnYourMap Web Services &lt;br&gt;
- appKey: Your application key when using OnYourMap Web Services &lt;br&gt;</Abstract>
			<DeclaredIn>OymWSClient.h</DeclaredIn>
            
			
			<NodeRef refid="2"/>
		</Token>
		
		
		<Token>
			<TokenIdentifier>//apple_ref/occ/instm/OymWSClient/setOym_url:</TokenIdentifier>
			<Abstract type="html">The url of OnYourMap Web Services</Abstract>
			<DeclaredIn>OymWSClient.h</DeclaredIn>
			
			<Declaration>@property (nonatomic, strong) NSString *oym_url</Declaration>
			
			
			<Anchor>//api/name/oym_url</Anchor>
            <NodeRef refid="2"/>
		</Token>
		
		<Token>
			<TokenIdentifier>//apple_ref/occ/instm/OymWSClient/oym_url</TokenIdentifier>
			<Abstract type="html">The url of OnYourMap Web Services</Abstract>
			<DeclaredIn>OymWSClient.h</DeclaredIn>
			
			<Declaration>@property (nonatomic, strong) NSString *oym_url</Declaration>
			
			
			<Anchor>//api/name/oym_url</Anchor>
            <NodeRef refid="2"/>
		</Token>
		
		<Token>
			<TokenIdentifier>//apple_ref/occ/instp/OymWSClient/oym_url</TokenIdentifier>
			<Abstract type="html">The url of OnYourMap Web Services</Abstract>
			<DeclaredIn>OymWSClient.h</DeclaredIn>
			
			<Declaration>@property (nonatomic, strong) NSString *oym_url</Declaration>
			
			
			<Anchor>//api/name/oym_url</Anchor>
            <NodeRef refid="2"/>
		</Token>
		
		<Token>
			<TokenIdentifier>//apple_ref/occ/instm/OymWSClient/setOym_referer:</TokenIdentifier>
			<Abstract type="html">Your application Identifier when using OnYourMap Web Services</Abstract>
			<DeclaredIn>OymWSClient.h</DeclaredIn>
			
			<Declaration>@property (nonatomic, strong) NSString *oym_referer</Declaration>
			
			
			<Anchor>//api/name/oym_referer</Anchor>
            <NodeRef refid="2"/>
		</Token>
		
		<Token>
			<TokenIdentifier>//apple_ref/occ/instm/OymWSClient/oym_referer</TokenIdentifier>
			<Abstract type="html">Your application Identifier when using OnYourMap Web Services</Abstract>
			<DeclaredIn>OymWSClient.h</DeclaredIn>
			
			<Declaration>@property (nonatomic, strong) NSString *oym_referer</Declaration>
			
			
			<Anchor>//api/name/oym_referer</Anchor>
            <NodeRef refid="2"/>
		</Token>
		
		<Token>
			<TokenIdentifier>//apple_ref/occ/instp/OymWSClient/oym_referer</TokenIdentifier>
			<Abstract type="html">Your application Identifier when using OnYourMap Web Services</Abstract>
			<DeclaredIn>OymWSClient.h</DeclaredIn>
			
			<Declaration>@property (nonatomic, strong) NSString *oym_referer</Declaration>
			
			
			<Anchor>//api/name/oym_referer</Anchor>
            <NodeRef refid="2"/>
		</Token>
		
		<Token>
			<TokenIdentifier>//apple_ref/occ/instm/OymWSClient/setOym_key:</TokenIdentifier>
			<Abstract type="html">Your application key when using OnYourMap Web Services</Abstract>
			<DeclaredIn>OymWSClient.h</DeclaredIn>
			
			<Declaration>@property (nonatomic, strong) NSString *oym_key</Declaration>
			
			
			<Anchor>//api/name/oym_key</Anchor>
            <NodeRef refid="2"/>
		</Token>
		
		<Token>
			<TokenIdentifier>//apple_ref/occ/instm/OymWSClient/oym_key</TokenIdentifier>
			<Abstract type="html">Your application key when using OnYourMap Web Services</Abstract>
			<DeclaredIn>OymWSClient.h</DeclaredIn>
			
			<Declaration>@property (nonatomic, strong) NSString *oym_key</Declaration>
			
			
			<Anchor>//api/name/oym_key</Anchor>
            <NodeRef refid="2"/>
		</Token>
		
		<Token>
			<TokenIdentifier>//apple_ref/occ/instp/OymWSClient/oym_key</TokenIdentifier>
			<Abstract type="html">Your application key when using OnYourMap Web Services</Abstract>
			<DeclaredIn>OymWSClient.h</DeclaredIn>
			
			<Declaration>@property (nonatomic, strong) NSString *oym_key</Declaration>
			
			
			<Anchor>//api/name/oym_key</Anchor>
            <NodeRef refid="2"/>
		</Token>
		
		<Token>
			<TokenIdentifier>//apple_ref/occ/instm/OymWSClient/initWithUrl:key:andReferer:</TokenIdentifier>
			<Abstract type="html">The client entry point.</Abstract>
			<DeclaredIn>OymWSClient.h</DeclaredIn>
			
			<Declaration>- (id)initWithUrl:(NSString *)url key:(NSString *)key andReferer:(NSString *)referer</Declaration>
			<Parameters>
				<Parameter>
					<Name>url</Name>
					<Abstract type="html">OnYourMap WebService Url</Abstract>
				</Parameter><Parameter>
					<Name>key</Name>
					<Abstract type="html">application key</Abstract>
				</Parameter><Parameter>
					<Name>referer</Name>
					<Abstract type="html">application Identifier</Abstract>
				</Parameter>
			</Parameters>
			
			<Anchor>//api/name/initWithUrl:key:andReferer:</Anchor>
            <NodeRef refid="2"/>
		</Token>
		
		<Token>
			<TokenIdentifier>//apple_ref/occ/instm/OymWSClient/nearest:andCall:</TokenIdentifier>
			<Abstract type="html">Get nearest address from a WGS84 coordinate.
If a callback object is provided, then the method will be executed asynchronously. If callback is null, then the method will be executed synchronously.</Abstract>
			<DeclaredIn>OymWSClient.h</DeclaredIn>
			
			<Declaration>- (PlaceNearestResponse *)nearest:(PlaceNearestRequest *)request andCall:(void ( ^ ) ( PlaceNearestResponse *))callback</Declaration>
			<Parameters>
				<Parameter>
					<Name>request</Name>
					<Abstract type="html">PlaceNearestRequest object</Abstract>
				</Parameter><Parameter>
					<Name>callback</Name>
					<Abstract type="html">(void(^)(PlaceNearestResponse*)) block</Abstract>
				</Parameter>
			</Parameters>
			
			<Anchor>//api/name/nearest:andCall:</Anchor>
            <NodeRef refid="2"/>
		</Token>
		
		<Token>
			<TokenIdentifier>//apple_ref/occ/instm/OymWSClient/directions:andCall:</TokenIdentifier>
			<Abstract type="html">Get directions between 2 WGS84 coordinates.
If a callback object is provided, then the method will be executed asynchronously. If callback is null, then the method will be executed synchronously.</Abstract>
			<DeclaredIn>OymWSClient.h</DeclaredIn>
			
			<Declaration>- (RouteResponse *)directions:(RouteRequest *)request andCall:(void ( ^ ) ( RouteResponse *))callback</Declaration>
			<Parameters>
				<Parameter>
					<Name>request</Name>
					<Abstract type="html">RouteRequest object</Abstract>
				</Parameter><Parameter>
					<Name>callback</Name>
					<Abstract type="html">(void(^)(RouteResponse*)) block</Abstract>
				</Parameter>
			</Parameters>
			
			<Anchor>//api/name/directions:andCall:</Anchor>
            <NodeRef refid="2"/>
		</Token>
		
		<Token>
			<TokenIdentifier>//apple_ref/occ/instm/OymWSClient/search:andCall:</TokenIdentifier>
			<Abstract type="html">Search for an address and get its WGS84 coordinate. &lt;br&gt;
If a callback object is provided, then the method will be executed asynchronously. If callback is null, then the method will be executed synchronously.</Abstract>
			<DeclaredIn>OymWSClient.h</DeclaredIn>
			
			<Declaration>- (PlaceSearchResponse *)search:(PlaceSearchRequest *)request andCall:(void ( ^ ) ( PlaceSearchResponse *))callback</Declaration>
			<Parameters>
				<Parameter>
					<Name>request</Name>
					<Abstract type="html">PlaceSearchRequest object</Abstract>
				</Parameter><Parameter>
					<Name>callback</Name>
					<Abstract type="html">(void(^)(PlaceSearchResponse*)) block</Abstract>
				</Parameter>
			</Parameters>
			
			<Anchor>//api/name/search:andCall:</Anchor>
            <NodeRef refid="2"/>
		</Token>
		
        
        
	</File>
</Tokens>