<?xml version="1.0" encoding="UTF-8"?>
<Tokens version="1.0">
	<File path="Classes/RouteUtilities.html">
		
		<Token>
			<TokenIdentifier>//apple_ref/occ/cl/RouteUtilities</TokenIdentifier>
			<Abstract type="html">Utility functions for routing</Abstract>
			<DeclaredIn>OymRoute.h</DeclaredIn>
            
			
			<NodeRef refid="39"/>
		</Token>
		
		
		<Token>
			<TokenIdentifier>//apple_ref/occ/clm/RouteUtilities/renderInstruction:</TokenIdentifier>
			<Abstract type="html">Create a human readable instruction&lt;br&gt;
Instruction can be translated/modified by editing the ressource oym-route.strings in Geokit.bundle</Abstract>
			<DeclaredIn>OymRoute.h</DeclaredIn>
			
			<Declaration>+ (NSString *)renderInstruction:(RouteInstruction *)instruction</Declaration>
			<Parameters>
				<Parameter>
					<Name>instruction</Name>
					<Abstract type="html">instruction returned by the route request</Abstract>
				</Parameter>
			</Parameters>
			<ReturnValue><Abstract type="html">string describing the instruction in readable language</Abstract></ReturnValue>
			<Anchor>//api/name/renderInstruction:</Anchor>
            <NodeRef refid="39"/>
		</Token>
		
		<Token>
			<TokenIdentifier>//apple_ref/occ/clm/RouteUtilities/checkDisplayLevel:forZoomeLevel:</TokenIdentifier>
			<Abstract type="html">Tells if a point at with given level value should be displayed a given zoom level.</Abstract>
			<DeclaredIn>OymRoute.h</DeclaredIn>
			
			<Declaration>+ (bool)checkDisplayLevel:(int)displayLevelValue forZoomeLevel:(int)zoomLevel</Declaration>
			<Parameters>
				<Parameter>
					<Name>displayLevelValue</Name>
					<Abstract type="html">the displayLevelValue as returned in the route request</Abstract>
				</Parameter><Parameter>
					<Name>zoomLevel</Name>
					<Abstract type="html">zoom level where the point should be displqyed or not</Abstract>
				</Parameter>
			</Parameters>
			<ReturnValue><Abstract type="html">true if the point should be displayed at this zoom level</Abstract></ReturnValue>
			<Anchor>//api/name/checkDisplayLevel:forZoomeLevel:</Anchor>
            <NodeRef refid="39"/>
		</Token>
		
        
        
	</File>
</Tokens>