<?xml version="1.0" encoding="UTF-8"?>
<Tokens version="1.0">
	<File path="Classes/PlaceSearchResponse.html">
		
		<Token>
			<TokenIdentifier>//apple_ref/occ/cl/PlaceSearchResponse</TokenIdentifier>
			<Abstract type="html">Response to a place search request.</Abstract>
			<DeclaredIn>OymPlace.h</DeclaredIn>
            
			
			<NodeRef refid="7"/>
		</Token>
		
		
		<Token>
			<TokenIdentifier>//apple_ref/occ/instm/PlaceSearchResponse/setTime:</TokenIdentifier>
			<Abstract type="html">The response time in milliseconds</Abstract>
			<DeclaredIn>OymPlace.h</DeclaredIn>
			
			<Declaration>@property int time</Declaration>
			
			
			<Anchor>//api/name/time</Anchor>
            <NodeRef refid="7"/>
		</Token>
		
		<Token>
			<TokenIdentifier>//apple_ref/occ/instm/PlaceSearchResponse/time</TokenIdentifier>
			<Abstract type="html">The response time in milliseconds</Abstract>
			<DeclaredIn>OymPlace.h</DeclaredIn>
			
			<Declaration>@property int time</Declaration>
			
			
			<Anchor>//api/name/time</Anchor>
            <NodeRef refid="7"/>
		</Token>
		
		<Token>
			<TokenIdentifier>//apple_ref/occ/instp/PlaceSearchResponse/time</TokenIdentifier>
			<Abstract type="html">The response time in milliseconds</Abstract>
			<DeclaredIn>OymPlace.h</DeclaredIn>
			
			<Declaration>@property int time</Declaration>
			
			
			<Anchor>//api/name/time</Anchor>
            <NodeRef refid="7"/>
		</Token>
		
		<Token>
			<TokenIdentifier>//apple_ref/occ/instm/PlaceSearchResponse/setTotalHits:</TokenIdentifier>
			<Abstract type="html">The number of places found</Abstract>
			<DeclaredIn>OymPlace.h</DeclaredIn>
			
			<Declaration>@property int totalHits</Declaration>
			
			
			<Anchor>//api/name/totalHits</Anchor>
            <NodeRef refid="7"/>
		</Token>
		
		<Token>
			<TokenIdentifier>//apple_ref/occ/instm/PlaceSearchResponse/totalHits</TokenIdentifier>
			<Abstract type="html">The number of places found</Abstract>
			<DeclaredIn>OymPlace.h</DeclaredIn>
			
			<Declaration>@property int totalHits</Declaration>
			
			
			<Anchor>//api/name/totalHits</Anchor>
            <NodeRef refid="7"/>
		</Token>
		
		<Token>
			<TokenIdentifier>//apple_ref/occ/instp/PlaceSearchResponse/totalHits</TokenIdentifier>
			<Abstract type="html">The number of places found</Abstract>
			<DeclaredIn>OymPlace.h</DeclaredIn>
			
			<Declaration>@property int totalHits</Declaration>
			
			
			<Anchor>//api/name/totalHits</Anchor>
            <NodeRef refid="7"/>
		</Token>
		
		<Token>
			<TokenIdentifier>//apple_ref/occ/instm/PlaceSearchResponse/setStatus:</TokenIdentifier>
			<Abstract type="html">The response status</Abstract>
			<DeclaredIn>OymPlace.h</DeclaredIn>
			
			<Declaration>@property (nonatomic, strong) NSString *status</Declaration>
			
			
			<Anchor>//api/name/status</Anchor>
            <NodeRef refid="7"/>
		</Token>
		
		<Token>
			<TokenIdentifier>//apple_ref/occ/instm/PlaceSearchResponse/status</TokenIdentifier>
			<Abstract type="html">The response status</Abstract>
			<DeclaredIn>OymPlace.h</DeclaredIn>
			
			<Declaration>@property (nonatomic, strong) NSString *status</Declaration>
			
			
			<Anchor>//api/name/status</Anchor>
            <NodeRef refid="7"/>
		</Token>
		
		<Token>
			<TokenIdentifier>//apple_ref/occ/instp/PlaceSearchResponse/status</TokenIdentifier>
			<Abstract type="html">The response status</Abstract>
			<DeclaredIn>OymPlace.h</DeclaredIn>
			
			<Declaration>@property (nonatomic, strong) NSString *status</Declaration>
			
			
			<Anchor>//api/name/status</Anchor>
            <NodeRef refid="7"/>
		</Token>
		
		<Token>
			<TokenIdentifier>//apple_ref/occ/instm/PlaceSearchResponse/setPlaces:</TokenIdentifier>
			<Abstract type="html">The places found, an array of OymPlace</Abstract>
			<DeclaredIn>OymPlace.h</DeclaredIn>
			
			<Declaration>@property NSArray *places</Declaration>
			
			
			<Anchor>//api/name/places</Anchor>
            <NodeRef refid="7"/>
		</Token>
		
		<Token>
			<TokenIdentifier>//apple_ref/occ/instm/PlaceSearchResponse/places</TokenIdentifier>
			<Abstract type="html">The places found, an array of OymPlace</Abstract>
			<DeclaredIn>OymPlace.h</DeclaredIn>
			
			<Declaration>@property NSArray *places</Declaration>
			
			
			<Anchor>//api/name/places</Anchor>
            <NodeRef refid="7"/>
		</Token>
		
		<Token>
			<TokenIdentifier>//apple_ref/occ/instp/PlaceSearchResponse/places</TokenIdentifier>
			<Abstract type="html">The places found, an array of OymPlace</Abstract>
			<DeclaredIn>OymPlace.h</DeclaredIn>
			
			<Declaration>@property NSArray *places</Declaration>
			
			
			<Anchor>//api/name/places</Anchor>
            <NodeRef refid="7"/>
		</Token>
		
        
        
	</File>
</Tokens>