<?xml version="1.0" encoding="UTF-8"?>
<Tokens version="1.0">
	<File path="Classes/RMUserLocation.html">
		
		<Token>
			<TokenIdentifier>//apple_ref/occ/cl/RMUserLocation</TokenIdentifier>
			<Abstract type="html">The RMUserLocation class defines a specific type of annotation that identifies the user’s current location. You do not create instances of this class directly. Instead, you retrieve an existing RMUserLocation object from the userLocation property of the map view displayed in your application.</Abstract>
			<DeclaredIn>RMUserLocation.h</DeclaredIn>
            
			
			<NodeRef refid="33"/>
		</Token>
		
		
		<Token>
			<TokenIdentifier>//apple_ref/occ/instm/RMUserLocation/setUpdating:</TokenIdentifier>
			<Abstract type="html">A Boolean value indicating whether the user’s location is currently being updated. (read-only)</Abstract>
			<DeclaredIn>RMUserLocation.h</DeclaredIn>
			
			<Declaration>@property (nonatomic, readonly, getter=isUpdating) BOOL updating</Declaration>
			
			
			<Anchor>//api/name/updating</Anchor>
            <NodeRef refid="33"/>
		</Token>
		
		<Token>
			<TokenIdentifier>//apple_ref/occ/instm/RMUserLocation/isUpdating</TokenIdentifier>
			<Abstract type="html">A Boolean value indicating whether the user’s location is currently being updated. (read-only)</Abstract>
			<DeclaredIn>RMUserLocation.h</DeclaredIn>
			
			<Declaration>@property (nonatomic, readonly, getter=isUpdating) BOOL updating</Declaration>
			
			
			<Anchor>//api/name/updating</Anchor>
            <NodeRef refid="33"/>
		</Token>
		
		<Token>
			<TokenIdentifier>//apple_ref/occ/instp/RMUserLocation/updating</TokenIdentifier>
			<Abstract type="html">A Boolean value indicating whether the user’s location is currently being updated. (read-only)</Abstract>
			<DeclaredIn>RMUserLocation.h</DeclaredIn>
			
			<Declaration>@property (nonatomic, readonly, getter=isUpdating) BOOL updating</Declaration>
			
			
			<Anchor>//api/name/updating</Anchor>
            <NodeRef refid="33"/>
		</Token>
		
		<Token>
			<TokenIdentifier>//apple_ref/occ/instm/RMUserLocation/setLocation:</TokenIdentifier>
			<Abstract type="html">The current location of the device. (read-only)</Abstract>
			<DeclaredIn>RMUserLocation.h</DeclaredIn>
			
			<Declaration>@property (nonatomic, readonly) CLLocation *location</Declaration>
			
			
			<Anchor>//api/name/location</Anchor>
            <NodeRef refid="33"/>
		</Token>
		
		<Token>
			<TokenIdentifier>//apple_ref/occ/instm/RMUserLocation/location</TokenIdentifier>
			<Abstract type="html">The current location of the device. (read-only)</Abstract>
			<DeclaredIn>RMUserLocation.h</DeclaredIn>
			
			<Declaration>@property (nonatomic, readonly) CLLocation *location</Declaration>
			
			
			<Anchor>//api/name/location</Anchor>
            <NodeRef refid="33"/>
		</Token>
		
		<Token>
			<TokenIdentifier>//apple_ref/occ/instp/RMUserLocation/location</TokenIdentifier>
			<Abstract type="html">The current location of the device. (read-only)</Abstract>
			<DeclaredIn>RMUserLocation.h</DeclaredIn>
			
			<Declaration>@property (nonatomic, readonly) CLLocation *location</Declaration>
			
			
			<Anchor>//api/name/location</Anchor>
            <NodeRef refid="33"/>
		</Token>
		
		<Token>
			<TokenIdentifier>//apple_ref/occ/instm/RMUserLocation/setHeading:</TokenIdentifier>
			<Abstract type="html">The heading of the user location. (read-only)</Abstract>
			<DeclaredIn>RMUserLocation.h</DeclaredIn>
			
			<Declaration>@property (nonatomic, readonly) CLHeading *heading</Declaration>
			
			
			<Anchor>//api/name/heading</Anchor>
            <NodeRef refid="33"/>
		</Token>
		
		<Token>
			<TokenIdentifier>//apple_ref/occ/instm/RMUserLocation/heading</TokenIdentifier>
			<Abstract type="html">The heading of the user location. (read-only)</Abstract>
			<DeclaredIn>RMUserLocation.h</DeclaredIn>
			
			<Declaration>@property (nonatomic, readonly) CLHeading *heading</Declaration>
			
			
			<Anchor>//api/name/heading</Anchor>
            <NodeRef refid="33"/>
		</Token>
		
		<Token>
			<TokenIdentifier>//apple_ref/occ/instp/RMUserLocation/heading</TokenIdentifier>
			<Abstract type="html">The heading of the user location. (read-only)</Abstract>
			<DeclaredIn>RMUserLocation.h</DeclaredIn>
			
			<Declaration>@property (nonatomic, readonly) CLHeading *heading</Declaration>
			
			
			<Anchor>//api/name/heading</Anchor>
            <NodeRef refid="33"/>
		</Token>
		
        
        
	</File>
</Tokens>