<?xml version="1.0" encoding="UTF-8"?>
<Tokens version="1.0">
	<File path="Classes/PlaceSearchRequest.html">
		
		<Token>
			<TokenIdentifier>//apple_ref/occ/cl/PlaceSearchRequest</TokenIdentifier>
			<Abstract type="html">A Place Search request.</Abstract>
			<DeclaredIn>OymPlace.h</DeclaredIn>
            
			
			<NodeRef refid="6"/>
		</Token>
		
		
		<Token>
			<TokenIdentifier>//apple_ref/occ/instm/PlaceSearchRequest/setMaxResponses:</TokenIdentifier>
			<Abstract type="html">The maximum number of places</Abstract>
			<DeclaredIn>OymPlace.h</DeclaredIn>
			
			<Declaration>@property int maxResponses</Declaration>
			
			
			<Anchor>//api/name/maxResponses</Anchor>
            <NodeRef refid="6"/>
		</Token>
		
		<Token>
			<TokenIdentifier>//apple_ref/occ/instm/PlaceSearchRequest/maxResponses</TokenIdentifier>
			<Abstract type="html">The maximum number of places</Abstract>
			<DeclaredIn>OymPlace.h</DeclaredIn>
			
			<Declaration>@property int maxResponses</Declaration>
			
			
			<Anchor>//api/name/maxResponses</Anchor>
            <NodeRef refid="6"/>
		</Token>
		
		<Token>
			<TokenIdentifier>//apple_ref/occ/instp/PlaceSearchRequest/maxResponses</TokenIdentifier>
			<Abstract type="html">The maximum number of places</Abstract>
			<DeclaredIn>OymPlace.h</DeclaredIn>
			
			<Declaration>@property int maxResponses</Declaration>
			
			
			<Anchor>//api/name/maxResponses</Anchor>
            <NodeRef refid="6"/>
		</Token>
		
		<Token>
			<TokenIdentifier>//apple_ref/occ/instm/PlaceSearchRequest/setCountry:</TokenIdentifier>
			<Abstract type="html">The iso country code in 2 letters</Abstract>
			<DeclaredIn>OymPlace.h</DeclaredIn>
			
			<Declaration>@property (nonatomic, strong) NSString *country</Declaration>
			
			
			<Anchor>//api/name/country</Anchor>
            <NodeRef refid="6"/>
		</Token>
		
		<Token>
			<TokenIdentifier>//apple_ref/occ/instm/PlaceSearchRequest/country</TokenIdentifier>
			<Abstract type="html">The iso country code in 2 letters</Abstract>
			<DeclaredIn>OymPlace.h</DeclaredIn>
			
			<Declaration>@property (nonatomic, strong) NSString *country</Declaration>
			
			
			<Anchor>//api/name/country</Anchor>
            <NodeRef refid="6"/>
		</Token>
		
		<Token>
			<TokenIdentifier>//apple_ref/occ/instp/PlaceSearchRequest/country</TokenIdentifier>
			<Abstract type="html">The iso country code in 2 letters</Abstract>
			<DeclaredIn>OymPlace.h</DeclaredIn>
			
			<Declaration>@property (nonatomic, strong) NSString *country</Declaration>
			
			
			<Anchor>//api/name/country</Anchor>
            <NodeRef refid="6"/>
		</Token>
		
		<Token>
			<TokenIdentifier>//apple_ref/occ/instm/PlaceSearchRequest/setLocality:</TokenIdentifier>
			<Abstract type="html">The city</Abstract>
			<DeclaredIn>OymPlace.h</DeclaredIn>
			
			<Declaration>@property (nonatomic, strong) NSString *locality</Declaration>
			
			
			<Anchor>//api/name/locality</Anchor>
            <NodeRef refid="6"/>
		</Token>
		
		<Token>
			<TokenIdentifier>//apple_ref/occ/instm/PlaceSearchRequest/locality</TokenIdentifier>
			<Abstract type="html">The city</Abstract>
			<DeclaredIn>OymPlace.h</DeclaredIn>
			
			<Declaration>@property (nonatomic, strong) NSString *locality</Declaration>
			
			
			<Anchor>//api/name/locality</Anchor>
            <NodeRef refid="6"/>
		</Token>
		
		<Token>
			<TokenIdentifier>//apple_ref/occ/instp/PlaceSearchRequest/locality</TokenIdentifier>
			<Abstract type="html">The city</Abstract>
			<DeclaredIn>OymPlace.h</DeclaredIn>
			
			<Declaration>@property (nonatomic, strong) NSString *locality</Declaration>
			
			
			<Anchor>//api/name/locality</Anchor>
            <NodeRef refid="6"/>
		</Token>
		
		<Token>
			<TokenIdentifier>//apple_ref/occ/instm/PlaceSearchRequest/setAdminArea:</TokenIdentifier>
			<Abstract type="html">the state or county</Abstract>
			<DeclaredIn>OymPlace.h</DeclaredIn>
			
			<Declaration>@property (nonatomic, strong) NSString *adminArea</Declaration>
			
			
			<Anchor>//api/name/adminArea</Anchor>
            <NodeRef refid="6"/>
		</Token>
		
		<Token>
			<TokenIdentifier>//apple_ref/occ/instm/PlaceSearchRequest/adminArea</TokenIdentifier>
			<Abstract type="html">the state or county</Abstract>
			<DeclaredIn>OymPlace.h</DeclaredIn>
			
			<Declaration>@property (nonatomic, strong) NSString *adminArea</Declaration>
			
			
			<Anchor>//api/name/adminArea</Anchor>
            <NodeRef refid="6"/>
		</Token>
		
		<Token>
			<TokenIdentifier>//apple_ref/occ/instp/PlaceSearchRequest/adminArea</TokenIdentifier>
			<Abstract type="html">the state or county</Abstract>
			<DeclaredIn>OymPlace.h</DeclaredIn>
			
			<Declaration>@property (nonatomic, strong) NSString *adminArea</Declaration>
			
			
			<Anchor>//api/name/adminArea</Anchor>
            <NodeRef refid="6"/>
		</Token>
		
		<Token>
			<TokenIdentifier>//apple_ref/occ/instm/PlaceSearchRequest/setPostcode:</TokenIdentifier>
			<Abstract type="html">The postal code</Abstract>
			<DeclaredIn>OymPlace.h</DeclaredIn>
			
			<Declaration>@property (nonatomic, strong) NSString *postcode</Declaration>
			
			
			<Anchor>//api/name/postcode</Anchor>
            <NodeRef refid="6"/>
		</Token>
		
		<Token>
			<TokenIdentifier>//apple_ref/occ/instm/PlaceSearchRequest/postcode</TokenIdentifier>
			<Abstract type="html">The postal code</Abstract>
			<DeclaredIn>OymPlace.h</DeclaredIn>
			
			<Declaration>@property (nonatomic, strong) NSString *postcode</Declaration>
			
			
			<Anchor>//api/name/postcode</Anchor>
            <NodeRef refid="6"/>
		</Token>
		
		<Token>
			<TokenIdentifier>//apple_ref/occ/instp/PlaceSearchRequest/postcode</TokenIdentifier>
			<Abstract type="html">The postal code</Abstract>
			<DeclaredIn>OymPlace.h</DeclaredIn>
			
			<Declaration>@property (nonatomic, strong) NSString *postcode</Declaration>
			
			
			<Anchor>//api/name/postcode</Anchor>
            <NodeRef refid="6"/>
		</Token>
		
		<Token>
			<TokenIdentifier>//apple_ref/occ/instm/PlaceSearchRequest/setAddress:</TokenIdentifier>
			<Abstract type="html">The address: full or just street part</Abstract>
			<DeclaredIn>OymPlace.h</DeclaredIn>
			
			<Declaration>@property (nonatomic, strong) NSString *address</Declaration>
			
			
			<Anchor>//api/name/address</Anchor>
            <NodeRef refid="6"/>
		</Token>
		
		<Token>
			<TokenIdentifier>//apple_ref/occ/instm/PlaceSearchRequest/address</TokenIdentifier>
			<Abstract type="html">The address: full or just street part</Abstract>
			<DeclaredIn>OymPlace.h</DeclaredIn>
			
			<Declaration>@property (nonatomic, strong) NSString *address</Declaration>
			
			
			<Anchor>//api/name/address</Anchor>
            <NodeRef refid="6"/>
		</Token>
		
		<Token>
			<TokenIdentifier>//apple_ref/occ/instp/PlaceSearchRequest/address</TokenIdentifier>
			<Abstract type="html">The address: full or just street part</Abstract>
			<DeclaredIn>OymPlace.h</DeclaredIn>
			
			<Declaration>@property (nonatomic, strong) NSString *address</Declaration>
			
			
			<Anchor>//api/name/address</Anchor>
            <NodeRef refid="6"/>
		</Token>
		
		<Token>
			<TokenIdentifier>//apple_ref/occ/instm/PlaceSearchRequest/setLang:</TokenIdentifier>
			<Abstract type="html">The output language</Abstract>
			<DeclaredIn>OymPlace.h</DeclaredIn>
			
			<Declaration>@property (nonatomic, strong) NSString *lang</Declaration>
			
			
			<Anchor>//api/name/lang</Anchor>
            <NodeRef refid="6"/>
		</Token>
		
		<Token>
			<TokenIdentifier>//apple_ref/occ/instm/PlaceSearchRequest/lang</TokenIdentifier>
			<Abstract type="html">The output language</Abstract>
			<DeclaredIn>OymPlace.h</DeclaredIn>
			
			<Declaration>@property (nonatomic, strong) NSString *lang</Declaration>
			
			
			<Anchor>//api/name/lang</Anchor>
            <NodeRef refid="6"/>
		</Token>
		
		<Token>
			<TokenIdentifier>//apple_ref/occ/instp/PlaceSearchRequest/lang</TokenIdentifier>
			<Abstract type="html">The output language</Abstract>
			<DeclaredIn>OymPlace.h</DeclaredIn>
			
			<Declaration>@property (nonatomic, strong) NSString *lang</Declaration>
			
			
			<Anchor>//api/name/lang</Anchor>
            <NodeRef refid="6"/>
		</Token>
		
		<Token>
			<TokenIdentifier>//apple_ref/occ/instm/PlaceSearchRequest/setViewport:</TokenIdentifier>
			<Abstract type="html">Places inside the viewport will be better ranked</Abstract>
			<DeclaredIn>OymPlace.h</DeclaredIn>
			
			<Declaration>@property (nonatomic, strong) NSString *viewport</Declaration>
			
			
			<Anchor>//api/name/viewport</Anchor>
            <NodeRef refid="6"/>
		</Token>
		
		<Token>
			<TokenIdentifier>//apple_ref/occ/instm/PlaceSearchRequest/viewport</TokenIdentifier>
			<Abstract type="html">Places inside the viewport will be better ranked</Abstract>
			<DeclaredIn>OymPlace.h</DeclaredIn>
			
			<Declaration>@property (nonatomic, strong) NSString *viewport</Declaration>
			
			
			<Anchor>//api/name/viewport</Anchor>
            <NodeRef refid="6"/>
		</Token>
		
		<Token>
			<TokenIdentifier>//apple_ref/occ/instp/PlaceSearchRequest/viewport</TokenIdentifier>
			<Abstract type="html">Places inside the viewport will be better ranked</Abstract>
			<DeclaredIn>OymPlace.h</DeclaredIn>
			
			<Declaration>@property (nonatomic, strong) NSString *viewport</Declaration>
			
			
			<Anchor>//api/name/viewport</Anchor>
            <NodeRef refid="6"/>
		</Token>
		
		<Token>
			<TokenIdentifier>//apple_ref/occ/instm/PlaceSearchRequest/setFavoriteCountry:</TokenIdentifier>
			<Abstract type="html">Places with provided favorite country will be better ranked</Abstract>
			<DeclaredIn>OymPlace.h</DeclaredIn>
			
			<Declaration>@property (nonatomic, strong) NSString *favoriteCountry</Declaration>
			
			
			<Anchor>//api/name/favoriteCountry</Anchor>
            <NodeRef refid="6"/>
		</Token>
		
		<Token>
			<TokenIdentifier>//apple_ref/occ/instm/PlaceSearchRequest/favoriteCountry</TokenIdentifier>
			<Abstract type="html">Places with provided favorite country will be better ranked</Abstract>
			<DeclaredIn>OymPlace.h</DeclaredIn>
			
			<Declaration>@property (nonatomic, strong) NSString *favoriteCountry</Declaration>
			
			
			<Anchor>//api/name/favoriteCountry</Anchor>
            <NodeRef refid="6"/>
		</Token>
		
		<Token>
			<TokenIdentifier>//apple_ref/occ/instp/PlaceSearchRequest/favoriteCountry</TokenIdentifier>
			<Abstract type="html">Places with provided favorite country will be better ranked</Abstract>
			<DeclaredIn>OymPlace.h</DeclaredIn>
			
			<Declaration>@property (nonatomic, strong) NSString *favoriteCountry</Declaration>
			
			
			<Anchor>//api/name/favoriteCountry</Anchor>
            <NodeRef refid="6"/>
		</Token>
		
        
        
	</File>
</Tokens>