<?xml version="1.0" encoding="UTF-8"?>
<Tokens version="1.0">
	<File path="Classes/RMMapLayer.html">
		
		<Token>
			<TokenIdentifier>//apple_ref/occ/cl/RMMapLayer</TokenIdentifier>
			<Abstract type="html">RMMapLayer is a generic class for displaying scrollable vector layers on a map view. Generally, a more specialized subclass such as RMMarker will be used for a specific purpose, but RMMapLayer can also be used directly for special purposes.</Abstract>
			<DeclaredIn>RMMapLayer.h</DeclaredIn>
            
			
			<NodeRef refid="19"/>
		</Token>
		
		
		<Token>
			<TokenIdentifier>//apple_ref/occ/instm/RMMapLayer/setAnnotation:</TokenIdentifier>
			<Abstract type="html">The annotation associated with the layer. This can be useful to inspect the annotation&apos;s userInfo in order to customize the visual representation.</Abstract>
			<DeclaredIn>RMMapLayer.h</DeclaredIn>
			
			<Declaration>@property (nonatomic, weak) RMAnnotation *annotation</Declaration>
			
			
			<Anchor>//api/name/annotation</Anchor>
            <NodeRef refid="19"/>
		</Token>
		
		<Token>
			<TokenIdentifier>//apple_ref/occ/instm/RMMapLayer/annotation</TokenIdentifier>
			<Abstract type="html">The annotation associated with the layer. This can be useful to inspect the annotation&apos;s userInfo in order to customize the visual representation.</Abstract>
			<DeclaredIn>RMMapLayer.h</DeclaredIn>
			
			<Declaration>@property (nonatomic, weak) RMAnnotation *annotation</Declaration>
			
			
			<Anchor>//api/name/annotation</Anchor>
            <NodeRef refid="19"/>
		</Token>
		
		<Token>
			<TokenIdentifier>//apple_ref/occ/instp/RMMapLayer/annotation</TokenIdentifier>
			<Abstract type="html">The annotation associated with the layer. This can be useful to inspect the annotation&apos;s userInfo in order to customize the visual representation.</Abstract>
			<DeclaredIn>RMMapLayer.h</DeclaredIn>
			
			<Declaration>@property (nonatomic, weak) RMAnnotation *annotation</Declaration>
			
			
			<Anchor>//api/name/annotation</Anchor>
            <NodeRef refid="19"/>
		</Token>
		
		<Token>
			<TokenIdentifier>//apple_ref/occ/instm/RMMapLayer/setProjectedLocation:</TokenIdentifier>
			<Abstract type="html">The current projected location of the layer on the map.</Abstract>
			<DeclaredIn>RMMapLayer.h</DeclaredIn>
			
			<Declaration>@property (nonatomic, assign) RMProjectedPoint projectedLocation</Declaration>
			
			
			<Anchor>//api/name/projectedLocation</Anchor>
            <NodeRef refid="19"/>
		</Token>
		
		<Token>
			<TokenIdentifier>//apple_ref/occ/instm/RMMapLayer/projectedLocation</TokenIdentifier>
			<Abstract type="html">The current projected location of the layer on the map.</Abstract>
			<DeclaredIn>RMMapLayer.h</DeclaredIn>
			
			<Declaration>@property (nonatomic, assign) RMProjectedPoint projectedLocation</Declaration>
			
			
			<Anchor>//api/name/projectedLocation</Anchor>
            <NodeRef refid="19"/>
		</Token>
		
		<Token>
			<TokenIdentifier>//apple_ref/occ/instp/RMMapLayer/projectedLocation</TokenIdentifier>
			<Abstract type="html">The current projected location of the layer on the map.</Abstract>
			<DeclaredIn>RMMapLayer.h</DeclaredIn>
			
			<Declaration>@property (nonatomic, assign) RMProjectedPoint projectedLocation</Declaration>
			
			
			<Anchor>//api/name/projectedLocation</Anchor>
            <NodeRef refid="19"/>
		</Token>
		
		<Token>
			<TokenIdentifier>//apple_ref/occ/instm/RMMapLayer/setDragState:</TokenIdentifier>
			<Abstract type="html">The current drag state of the annotation layer.</Abstract>
			<DeclaredIn>RMMapLayer.h</DeclaredIn>
			
			<Declaration>@property (nonatomic, assign) RMMapLayerDragState dragState</Declaration>
			
			
			<Anchor>//api/name/dragState</Anchor>
            <NodeRef refid="19"/>
		</Token>
		
		<Token>
			<TokenIdentifier>//apple_ref/occ/instm/RMMapLayer/dragState</TokenIdentifier>
			<Abstract type="html">The current drag state of the annotation layer.</Abstract>
			<DeclaredIn>RMMapLayer.h</DeclaredIn>
			
			<Declaration>@property (nonatomic, assign) RMMapLayerDragState dragState</Declaration>
			
			
			<Anchor>//api/name/dragState</Anchor>
            <NodeRef refid="19"/>
		</Token>
		
		<Token>
			<TokenIdentifier>//apple_ref/occ/instp/RMMapLayer/dragState</TokenIdentifier>
			<Abstract type="html">The current drag state of the annotation layer.</Abstract>
			<DeclaredIn>RMMapLayer.h</DeclaredIn>
			
			<Declaration>@property (nonatomic, assign) RMMapLayerDragState dragState</Declaration>
			
			
			<Anchor>//api/name/dragState</Anchor>
            <NodeRef refid="19"/>
		</Token>
		
		<Token>
			<TokenIdentifier>//apple_ref/occ/instm/RMMapLayer/setUserInfo:</TokenIdentifier>
			<Abstract type="html">Storage for arbitrary data.</Abstract>
			<DeclaredIn>RMMapLayer.h</DeclaredIn>
			
			<Declaration>@property (nonatomic, strong) id userInfo</Declaration>
			
			
			<Anchor>//api/name/userInfo</Anchor>
            <NodeRef refid="19"/>
		</Token>
		
		<Token>
			<TokenIdentifier>//apple_ref/occ/instm/RMMapLayer/userInfo</TokenIdentifier>
			<Abstract type="html">Storage for arbitrary data.</Abstract>
			<DeclaredIn>RMMapLayer.h</DeclaredIn>
			
			<Declaration>@property (nonatomic, strong) id userInfo</Declaration>
			
			
			<Anchor>//api/name/userInfo</Anchor>
            <NodeRef refid="19"/>
		</Token>
		
		<Token>
			<TokenIdentifier>//apple_ref/occ/instp/RMMapLayer/userInfo</TokenIdentifier>
			<Abstract type="html">Storage for arbitrary data.</Abstract>
			<DeclaredIn>RMMapLayer.h</DeclaredIn>
			
			<Declaration>@property (nonatomic, strong) id userInfo</Declaration>
			
			
			<Anchor>//api/name/userInfo</Anchor>
            <NodeRef refid="19"/>
		</Token>
		
		<Token>
			<TokenIdentifier>//apple_ref/occ/instm/RMMapLayer/setCanShowCallout:</TokenIdentifier>
			<Abstract type="html">A Boolean value indicating whether the annotation layer is able to display extra information in a callout bubble.</Abstract>
			<DeclaredIn>RMMapLayer.h</DeclaredIn>
			
			<Declaration>@property (nonatomic, assign) BOOL canShowCallout</Declaration>
			
			
			<Anchor>//api/name/canShowCallout</Anchor>
            <NodeRef refid="19"/>
		</Token>
		
		<Token>
			<TokenIdentifier>//apple_ref/occ/instm/RMMapLayer/canShowCallout</TokenIdentifier>
			<Abstract type="html">A Boolean value indicating whether the annotation layer is able to display extra information in a callout bubble.</Abstract>
			<DeclaredIn>RMMapLayer.h</DeclaredIn>
			
			<Declaration>@property (nonatomic, assign) BOOL canShowCallout</Declaration>
			
			
			<Anchor>//api/name/canShowCallout</Anchor>
            <NodeRef refid="19"/>
		</Token>
		
		<Token>
			<TokenIdentifier>//apple_ref/occ/instp/RMMapLayer/canShowCallout</TokenIdentifier>
			<Abstract type="html">A Boolean value indicating whether the annotation layer is able to display extra information in a callout bubble.</Abstract>
			<DeclaredIn>RMMapLayer.h</DeclaredIn>
			
			<Declaration>@property (nonatomic, assign) BOOL canShowCallout</Declaration>
			
			
			<Anchor>//api/name/canShowCallout</Anchor>
            <NodeRef refid="19"/>
		</Token>
		
		<Token>
			<TokenIdentifier>//apple_ref/occ/instm/RMMapLayer/setCalloutOffset:</TokenIdentifier>
			<Abstract type="html">The offset (in pixels) at which to place the callout bubble.</Abstract>
			<DeclaredIn>RMMapLayer.h</DeclaredIn>
			
			<Declaration>@property (nonatomic, assign) CGPoint calloutOffset</Declaration>
			
			
			<Anchor>//api/name/calloutOffset</Anchor>
            <NodeRef refid="19"/>
		</Token>
		
		<Token>
			<TokenIdentifier>//apple_ref/occ/instm/RMMapLayer/calloutOffset</TokenIdentifier>
			<Abstract type="html">The offset (in pixels) at which to place the callout bubble.</Abstract>
			<DeclaredIn>RMMapLayer.h</DeclaredIn>
			
			<Declaration>@property (nonatomic, assign) CGPoint calloutOffset</Declaration>
			
			
			<Anchor>//api/name/calloutOffset</Anchor>
            <NodeRef refid="19"/>
		</Token>
		
		<Token>
			<TokenIdentifier>//apple_ref/occ/instp/RMMapLayer/calloutOffset</TokenIdentifier>
			<Abstract type="html">The offset (in pixels) at which to place the callout bubble.</Abstract>
			<DeclaredIn>RMMapLayer.h</DeclaredIn>
			
			<Declaration>@property (nonatomic, assign) CGPoint calloutOffset</Declaration>
			
			
			<Anchor>//api/name/calloutOffset</Anchor>
            <NodeRef refid="19"/>
		</Token>
		
		<Token>
			<TokenIdentifier>//apple_ref/occ/instm/RMMapLayer/setLeftCalloutAccessoryView:</TokenIdentifier>
			<Abstract type="html">The view to display on the left side of the standard callout bubble.</Abstract>
			<DeclaredIn>RMMapLayer.h</DeclaredIn>
			
			<Declaration>@property (nonatomic, strong) UIView *leftCalloutAccessoryView</Declaration>
			
			
			<Anchor>//api/name/leftCalloutAccessoryView</Anchor>
            <NodeRef refid="19"/>
		</Token>
		
		<Token>
			<TokenIdentifier>//apple_ref/occ/instm/RMMapLayer/leftCalloutAccessoryView</TokenIdentifier>
			<Abstract type="html">The view to display on the left side of the standard callout bubble.</Abstract>
			<DeclaredIn>RMMapLayer.h</DeclaredIn>
			
			<Declaration>@property (nonatomic, strong) UIView *leftCalloutAccessoryView</Declaration>
			
			
			<Anchor>//api/name/leftCalloutAccessoryView</Anchor>
            <NodeRef refid="19"/>
		</Token>
		
		<Token>
			<TokenIdentifier>//apple_ref/occ/instp/RMMapLayer/leftCalloutAccessoryView</TokenIdentifier>
			<Abstract type="html">The view to display on the left side of the standard callout bubble.</Abstract>
			<DeclaredIn>RMMapLayer.h</DeclaredIn>
			
			<Declaration>@property (nonatomic, strong) UIView *leftCalloutAccessoryView</Declaration>
			
			
			<Anchor>//api/name/leftCalloutAccessoryView</Anchor>
            <NodeRef refid="19"/>
		</Token>
		
		<Token>
			<TokenIdentifier>//apple_ref/occ/instm/RMMapLayer/setRightCalloutAccessoryView:</TokenIdentifier>
			<Abstract type="html">The view to display on the right side of the standard callout bubble.</Abstract>
			<DeclaredIn>RMMapLayer.h</DeclaredIn>
			
			<Declaration>@property (nonatomic, strong) UIView *rightCalloutAccessoryView</Declaration>
			
			
			<Anchor>//api/name/rightCalloutAccessoryView</Anchor>
            <NodeRef refid="19"/>
		</Token>
		
		<Token>
			<TokenIdentifier>//apple_ref/occ/instm/RMMapLayer/rightCalloutAccessoryView</TokenIdentifier>
			<Abstract type="html">The view to display on the right side of the standard callout bubble.</Abstract>
			<DeclaredIn>RMMapLayer.h</DeclaredIn>
			
			<Declaration>@property (nonatomic, strong) UIView *rightCalloutAccessoryView</Declaration>
			
			
			<Anchor>//api/name/rightCalloutAccessoryView</Anchor>
            <NodeRef refid="19"/>
		</Token>
		
		<Token>
			<TokenIdentifier>//apple_ref/occ/instp/RMMapLayer/rightCalloutAccessoryView</TokenIdentifier>
			<Abstract type="html">The view to display on the right side of the standard callout bubble.</Abstract>
			<DeclaredIn>RMMapLayer.h</DeclaredIn>
			
			<Declaration>@property (nonatomic, strong) UIView *rightCalloutAccessoryView</Declaration>
			
			
			<Anchor>//api/name/rightCalloutAccessoryView</Anchor>
            <NodeRef refid="19"/>
		</Token>
		
		<Token>
			<TokenIdentifier>//apple_ref/occ/instm/RMMapLayer/setPosition:animated:</TokenIdentifier>
			<Abstract type="html">Set the screen position of the layer.</Abstract>
			<DeclaredIn>RMMapLayer.h</DeclaredIn>
			
			<Declaration>- (void)setPosition:(CGPoint)position animated:(BOOL)animated</Declaration>
			<Parameters>
				<Parameter>
					<Name>position</Name>
					<Abstract type="html">The desired screen position.</Abstract>
				</Parameter><Parameter>
					<Name>animated</Name>
					<Abstract type="html">If set to YES, any position change is animated.</Abstract>
				</Parameter>
			</Parameters>
			
			<Anchor>//api/name/setPosition:animated:</Anchor>
            <NodeRef refid="19"/>
		</Token>
		
        
        
	</File>
</Tokens>