<?xml version="1.0" encoding="UTF-8"?>
<Tokens version="1.0">
	<File path="Classes/RouteVia.html">
		
		<Token>
			<TokenIdentifier>//apple_ref/occ/cl/RouteVia</TokenIdentifier>
			<Abstract type="html">A Route via.</Abstract>
			<DeclaredIn>OymRoute.h</DeclaredIn>
            
			
			<NodeRef refid="40"/>
		</Token>
		
		
		<Token>
			<TokenIdentifier>//apple_ref/occ/instm/RouteVia/setVertexIndex:</TokenIdentifier>
			<Abstract type="html">The vertex index inside Route.positions list</Abstract>
			<DeclaredIn>OymRoute.h</DeclaredIn>
			
			<Declaration>@property int vertexIndex</Declaration>
			
			
			<Anchor>//api/name/vertexIndex</Anchor>
            <NodeRef refid="40"/>
		</Token>
		
		<Token>
			<TokenIdentifier>//apple_ref/occ/instm/RouteVia/vertexIndex</TokenIdentifier>
			<Abstract type="html">The vertex index inside Route.positions list</Abstract>
			<DeclaredIn>OymRoute.h</DeclaredIn>
			
			<Declaration>@property int vertexIndex</Declaration>
			
			
			<Anchor>//api/name/vertexIndex</Anchor>
            <NodeRef refid="40"/>
		</Token>
		
		<Token>
			<TokenIdentifier>//apple_ref/occ/instp/RouteVia/vertexIndex</TokenIdentifier>
			<Abstract type="html">The vertex index inside Route.positions list</Abstract>
			<DeclaredIn>OymRoute.h</DeclaredIn>
			
			<Declaration>@property int vertexIndex</Declaration>
			
			
			<Anchor>//api/name/vertexIndex</Anchor>
            <NodeRef refid="40"/>
		</Token>
		
		<Token>
			<TokenIdentifier>//apple_ref/occ/instm/RouteVia/setPosition:</TokenIdentifier>
			<Abstract type="html">The WGS84 coordinate of the via</Abstract>
			<DeclaredIn>OymRoute.h</DeclaredIn>
			
			<Declaration>@property CLLocationCoordinate2D position</Declaration>
			
			
			<Anchor>//api/name/position</Anchor>
            <NodeRef refid="40"/>
		</Token>
		
		<Token>
			<TokenIdentifier>//apple_ref/occ/instm/RouteVia/position</TokenIdentifier>
			<Abstract type="html">The WGS84 coordinate of the via</Abstract>
			<DeclaredIn>OymRoute.h</DeclaredIn>
			
			<Declaration>@property CLLocationCoordinate2D position</Declaration>
			
			
			<Anchor>//api/name/position</Anchor>
            <NodeRef refid="40"/>
		</Token>
		
		<Token>
			<TokenIdentifier>//apple_ref/occ/instp/RouteVia/position</TokenIdentifier>
			<Abstract type="html">The WGS84 coordinate of the via</Abstract>
			<DeclaredIn>OymRoute.h</DeclaredIn>
			
			<Declaration>@property CLLocationCoordinate2D position</Declaration>
			
			
			<Anchor>//api/name/position</Anchor>
            <NodeRef refid="40"/>
		</Token>
		
        
        
	</File>
</Tokens>