<?xml version="1.0" encoding="UTF-8"?>
<Tokens version="1.0">
	<File path="Classes/RouteRequest.html">
		
		<Token>
			<TokenIdentifier>//apple_ref/occ/cl/RouteRequest</TokenIdentifier>
			<Abstract type="html">A Route request.</Abstract>
			<DeclaredIn>OymRoute.h</DeclaredIn>
            
			
			<NodeRef refid="36"/>
		</Token>
		
		
		<Token>
			<TokenIdentifier>//apple_ref/occ/instm/RouteRequest/setStart:</TokenIdentifier>
			<Abstract type="html">The route start coordinate in WGS84 coordinates</Abstract>
			<DeclaredIn>OymRoute.h</DeclaredIn>
			
			<Declaration>@property CLLocationCoordinate2D start</Declaration>
			
			
			<Anchor>//api/name/start</Anchor>
            <NodeRef refid="36"/>
		</Token>
		
		<Token>
			<TokenIdentifier>//apple_ref/occ/instm/RouteRequest/start</TokenIdentifier>
			<Abstract type="html">The route start coordinate in WGS84 coordinates</Abstract>
			<DeclaredIn>OymRoute.h</DeclaredIn>
			
			<Declaration>@property CLLocationCoordinate2D start</Declaration>
			
			
			<Anchor>//api/name/start</Anchor>
            <NodeRef refid="36"/>
		</Token>
		
		<Token>
			<TokenIdentifier>//apple_ref/occ/instp/RouteRequest/start</TokenIdentifier>
			<Abstract type="html">The route start coordinate in WGS84 coordinates</Abstract>
			<DeclaredIn>OymRoute.h</DeclaredIn>
			
			<Declaration>@property CLLocationCoordinate2D start</Declaration>
			
			
			<Anchor>//api/name/start</Anchor>
            <NodeRef refid="36"/>
		</Token>
		
		<Token>
			<TokenIdentifier>//apple_ref/occ/instm/RouteRequest/setEnd:</TokenIdentifier>
			<Abstract type="html">The end start coordinate in WGS84 coordinates</Abstract>
			<DeclaredIn>OymRoute.h</DeclaredIn>
			
			<Declaration>@property CLLocationCoordinate2D end</Declaration>
			
			
			<Anchor>//api/name/end</Anchor>
            <NodeRef refid="36"/>
		</Token>
		
		<Token>
			<TokenIdentifier>//apple_ref/occ/instm/RouteRequest/end</TokenIdentifier>
			<Abstract type="html">The end start coordinate in WGS84 coordinates</Abstract>
			<DeclaredIn>OymRoute.h</DeclaredIn>
			
			<Declaration>@property CLLocationCoordinate2D end</Declaration>
			
			
			<Anchor>//api/name/end</Anchor>
            <NodeRef refid="36"/>
		</Token>
		
		<Token>
			<TokenIdentifier>//apple_ref/occ/instp/RouteRequest/end</TokenIdentifier>
			<Abstract type="html">The end start coordinate in WGS84 coordinates</Abstract>
			<DeclaredIn>OymRoute.h</DeclaredIn>
			
			<Declaration>@property CLLocationCoordinate2D end</Declaration>
			
			
			<Anchor>//api/name/end</Anchor>
            <NodeRef refid="36"/>
		</Token>
		
		<Token>
			<TokenIdentifier>//apple_ref/occ/instm/RouteRequest/setTransportMode:</TokenIdentifier>
			<Abstract type="html">The transport mode: TMPEDESTRIAN or TMFASTEST_CAR</Abstract>
			<DeclaredIn>OymRoute.h</DeclaredIn>
			
			<Declaration>@property int transportMode</Declaration>
			
			
			<Anchor>//api/name/transportMode</Anchor>
            <NodeRef refid="36"/>
		</Token>
		
		<Token>
			<TokenIdentifier>//apple_ref/occ/instm/RouteRequest/transportMode</TokenIdentifier>
			<Abstract type="html">The transport mode: TMPEDESTRIAN or TMFASTEST_CAR</Abstract>
			<DeclaredIn>OymRoute.h</DeclaredIn>
			
			<Declaration>@property int transportMode</Declaration>
			
			
			<Anchor>//api/name/transportMode</Anchor>
            <NodeRef refid="36"/>
		</Token>
		
		<Token>
			<TokenIdentifier>//apple_ref/occ/instp/RouteRequest/transportMode</TokenIdentifier>
			<Abstract type="html">The transport mode: TMPEDESTRIAN or TMFASTEST_CAR</Abstract>
			<DeclaredIn>OymRoute.h</DeclaredIn>
			
			<Declaration>@property int transportMode</Declaration>
			
			
			<Anchor>//api/name/transportMode</Anchor>
            <NodeRef refid="36"/>
		</Token>
		
		<Token>
			<TokenIdentifier>//apple_ref/occ/instm/RouteRequest/setDistanceUnit:</TokenIdentifier>
			<Abstract type="html">The distance unit: UNITKM or UNITMILES</Abstract>
			<DeclaredIn>OymRoute.h</DeclaredIn>
			
			<Declaration>@property (nonatomic, strong) NSString *distanceUnit</Declaration>
			
			
			<Anchor>//api/name/distanceUnit</Anchor>
            <NodeRef refid="36"/>
		</Token>
		
		<Token>
			<TokenIdentifier>//apple_ref/occ/instm/RouteRequest/distanceUnit</TokenIdentifier>
			<Abstract type="html">The distance unit: UNITKM or UNITMILES</Abstract>
			<DeclaredIn>OymRoute.h</DeclaredIn>
			
			<Declaration>@property (nonatomic, strong) NSString *distanceUnit</Declaration>
			
			
			<Anchor>//api/name/distanceUnit</Anchor>
            <NodeRef refid="36"/>
		</Token>
		
		<Token>
			<TokenIdentifier>//apple_ref/occ/instp/RouteRequest/distanceUnit</TokenIdentifier>
			<Abstract type="html">The distance unit: UNITKM or UNITMILES</Abstract>
			<DeclaredIn>OymRoute.h</DeclaredIn>
			
			<Declaration>@property (nonatomic, strong) NSString *distanceUnit</Declaration>
			
			
			<Anchor>//api/name/distanceUnit</Anchor>
            <NodeRef refid="36"/>
		</Token>
		
		<Token>
			<TokenIdentifier>//apple_ref/occ/instm/RouteRequest/init</TokenIdentifier>
			<Abstract type="html">The distance unit: Route.Request.UNITKM or Route.Request.UNITMILES *</Abstract>
			<DeclaredIn>OymRoute.h</DeclaredIn>
			
			<Declaration>- (id)init</Declaration>
			
			
			<Anchor>//api/name/init</Anchor>
            <NodeRef refid="36"/>
		</Token>
		
        
        
	</File>
</Tokens>