<?xml version="1.0" encoding="UTF-8"?>
<Tokens version="1.0">
	<File path="Classes/RMCompositeSource.html">
		
		<Token>
			<TokenIdentifier>//apple_ref/occ/cl/RMCompositeSource</TokenIdentifier>
			<Abstract type="html">RMCompositeSource combines two or more other tile sources, compositing them into a single image per tile and caching that composited result to the tile cache.</Abstract>
			<DeclaredIn>RMCompositeSource.h</DeclaredIn>
            
			
			<NodeRef refid="14"/>
		</Token>
		
		
		<Token>
			<TokenIdentifier>//apple_ref/occ/instm/RMCompositeSource/initWithTileSources:tileCacheKey:</TokenIdentifier>
			<Abstract type="html">Initialize a compositing tile source.</Abstract>
			<DeclaredIn>RMCompositeSource.h</DeclaredIn>
			
			<Declaration>- (id)initWithTileSources:(NSArray *)tileSources tileCacheKey:(NSString *)tileCacheKey</Declaration>
			<Parameters>
				<Parameter>
					<Name>tileSources</Name>
					<Abstract type="html">An array of tile sources to be composited.</Abstract>
				</Parameter><Parameter>
					<Name>tileCacheKey</Name>
					<Abstract type="html">A tile cache key for storage of composited result tiles.</Abstract>
				</Parameter>
			</Parameters>
			<ReturnValue><Abstract type="html">An initialized compositing tile source.</Abstract></ReturnValue>
			<Anchor>//api/name/initWithTileSources:tileCacheKey:</Anchor>
            <NodeRef refid="14"/>
		</Token>
		
		<Token>
			<TokenIdentifier>//apple_ref/occ/instm/RMCompositeSource/setTileSources:</TokenIdentifier>
			<Abstract type="html">An array of tile sources being composited.</Abstract>
			<DeclaredIn>RMCompositeSource.h</DeclaredIn>
			
			<Declaration>@property (nonatomic, weak, readonly) NSArray *tileSources</Declaration>
			
			
			<Anchor>//api/name/tileSources</Anchor>
            <NodeRef refid="14"/>
		</Token>
		
		<Token>
			<TokenIdentifier>//apple_ref/occ/instm/RMCompositeSource/tileSources</TokenIdentifier>
			<Abstract type="html">An array of tile sources being composited.</Abstract>
			<DeclaredIn>RMCompositeSource.h</DeclaredIn>
			
			<Declaration>@property (nonatomic, weak, readonly) NSArray *tileSources</Declaration>
			
			
			<Anchor>//api/name/tileSources</Anchor>
            <NodeRef refid="14"/>
		</Token>
		
		<Token>
			<TokenIdentifier>//apple_ref/occ/instp/RMCompositeSource/tileSources</TokenIdentifier>
			<Abstract type="html">An array of tile sources being composited.</Abstract>
			<DeclaredIn>RMCompositeSource.h</DeclaredIn>
			
			<Declaration>@property (nonatomic, weak, readonly) NSArray *tileSources</Declaration>
			
			
			<Anchor>//api/name/tileSources</Anchor>
            <NodeRef refid="14"/>
		</Token>
		
        
        
	</File>
</Tokens>