<?xml version="1.0" encoding="UTF-8"?>
<Tokens version="1.0">
	<File path="Protocols/RMInteractiveMapView.html">
		
		<Token>
			<TokenIdentifier>//apple_ref/occ/intf/RMInteractiveMapView</TokenIdentifier>
			<Abstract type="html">Developers can import RMInteractiveSource in order to enable embedded interactivity in their RMMapView, RMMBTilesSource, and RMMapboxSource objects. Interactivity is based on the UTFGrid specification, which is a space-efficient way to encode many arbitrary values for pixel coordinates at every zoom level, allowing later retrieval based on user events on those coordinates. For example, the user touching a pixel in Spain could trigger retrieval of Spain&apos;s flag image for display.</Abstract>
			<DeclaredIn>RMInteractiveSource.h</DeclaredIn>
            
			
			<NodeRef refid="41"/>
		</Token>
		
		
		<Token>
			<TokenIdentifier>//apple_ref/occ/intfm/RMInteractiveMapView/supportsInteractivity</TokenIdentifier>
			<Abstract type="html">Returns YES if a map view supports interactivity features given its current tile sources.</Abstract>
			<DeclaredIn>RMInteractiveSource.h</DeclaredIn>
			
			<Declaration>- (BOOL)supportsInteractivity</Declaration>
			
			
			<Anchor>//api/name/supportsInteractivity</Anchor>
            <NodeRef refid="41"/>
		</Token>
		
		<Token>
			<TokenIdentifier>//apple_ref/occ/intfm/RMInteractiveMapView/formattedOutputOfType:forPoint:</TokenIdentifier>
			<Abstract type="html">Returns the HTML-formatted output for a given point on a given map view.</Abstract>
			<DeclaredIn>RMInteractiveSource.h</DeclaredIn>
			
			<Declaration>- (NSString *)formattedOutputOfType:(RMInteractiveSourceOutputType)outputType forPoint:(CGPoint)point</Declaration>
			<Parameters>
				<Parameter>
					<Name>outputType</Name>
					<Abstract type="html">The type of feature info desired.</Abstract>
				</Parameter><Parameter>
					<Name>point</Name>
					<Abstract type="html">A point in the map view.</Abstract>
				</Parameter>
			</Parameters>
			<ReturnValue><Abstract type="html">The formatted feature output.</Abstract></ReturnValue>
			<Anchor>//api/name/formattedOutputOfType:forPoint:</Anchor>
            <NodeRef refid="41"/>
		</Token>
		
        
        
	</File>
</Tokens>