<?xml version="1.0" encoding="UTF-8"?>
<Tokens version="1.0">
	<File path="Classes/RMGreatCircleAnnotation.html">
		
		<Token>
			<TokenIdentifier>//apple_ref/occ/cl/RMGreatCircleAnnotation</TokenIdentifier>
			<Abstract type="html">An RMGreatCircleAnnotation class represents a line shape that traces the shortest path along the surface of the Earth. You specify a great circle (also known as a geodesic polyline) using a pair of points. When displayed on a two-dimensional map view, the line segment between the two points may appear curved.</Abstract>
			<DeclaredIn>RMGreatCircleAnnotation.h</DeclaredIn>
            
			
			<NodeRef refid="17"/>
		</Token>
		
		
		<Token>
			<TokenIdentifier>//apple_ref/occ/instm/RMGreatCircleAnnotation/initWithMapView:coordinate1:coordinate2:</TokenIdentifier>
			<Abstract type="html">Initialize a great circle annotation using the specified coordinates.</Abstract>
			<DeclaredIn>RMGreatCircleAnnotation.h</DeclaredIn>
			
			<Declaration>- (id)initWithMapView:(RMMapView *)aMapView coordinate1:(CLLocationCoordinate2D)coordinate1 coordinate2:(CLLocationCoordinate2D)coordinate2</Declaration>
			<Parameters>
				<Parameter>
					<Name>aMapView</Name>
					<Abstract type="html">The map view on which to place the annotation.</Abstract>
				</Parameter><Parameter>
					<Name>coordinate1</Name>
					<Abstract type="html">The starting coordinate.</Abstract>
				</Parameter><Parameter>
					<Name>coordinate2</Name>
					<Abstract type="html">The ending coordinate.</Abstract>
				</Parameter>
			</Parameters>
			<ReturnValue><Abstract type="html">An initialized great circle annotation object, or nil if an annotation was unable to be initialized.</Abstract></ReturnValue>
			<Anchor>//api/name/initWithMapView:coordinate1:coordinate2:</Anchor>
            <NodeRef refid="17"/>
		</Token>
		
		<Token>
			<TokenIdentifier>//apple_ref/occ/instm/RMGreatCircleAnnotation/setCoordinate1:</TokenIdentifier>
			<Abstract type="html">The starting coordinate of the annotation.</Abstract>
			<DeclaredIn>RMGreatCircleAnnotation.h</DeclaredIn>
			
			<Declaration>@property (nonatomic, readonly, assign) CLLocationCoordinate2D coordinate1</Declaration>
			
			
			<Anchor>//api/name/coordinate1</Anchor>
            <NodeRef refid="17"/>
		</Token>
		
		<Token>
			<TokenIdentifier>//apple_ref/occ/instm/RMGreatCircleAnnotation/coordinate1</TokenIdentifier>
			<Abstract type="html">The starting coordinate of the annotation.</Abstract>
			<DeclaredIn>RMGreatCircleAnnotation.h</DeclaredIn>
			
			<Declaration>@property (nonatomic, readonly, assign) CLLocationCoordinate2D coordinate1</Declaration>
			
			
			<Anchor>//api/name/coordinate1</Anchor>
            <NodeRef refid="17"/>
		</Token>
		
		<Token>
			<TokenIdentifier>//apple_ref/occ/instp/RMGreatCircleAnnotation/coordinate1</TokenIdentifier>
			<Abstract type="html">The starting coordinate of the annotation.</Abstract>
			<DeclaredIn>RMGreatCircleAnnotation.h</DeclaredIn>
			
			<Declaration>@property (nonatomic, readonly, assign) CLLocationCoordinate2D coordinate1</Declaration>
			
			
			<Anchor>//api/name/coordinate1</Anchor>
            <NodeRef refid="17"/>
		</Token>
		
		<Token>
			<TokenIdentifier>//apple_ref/occ/instm/RMGreatCircleAnnotation/setCoordinate2:</TokenIdentifier>
			<Abstract type="html">The ending coordinate of the annotation.</Abstract>
			<DeclaredIn>RMGreatCircleAnnotation.h</DeclaredIn>
			
			<Declaration>@property (nonatomic, readonly, assign) CLLocationCoordinate2D coordinate2</Declaration>
			
			
			<Anchor>//api/name/coordinate2</Anchor>
            <NodeRef refid="17"/>
		</Token>
		
		<Token>
			<TokenIdentifier>//apple_ref/occ/instm/RMGreatCircleAnnotation/coordinate2</TokenIdentifier>
			<Abstract type="html">The ending coordinate of the annotation.</Abstract>
			<DeclaredIn>RMGreatCircleAnnotation.h</DeclaredIn>
			
			<Declaration>@property (nonatomic, readonly, assign) CLLocationCoordinate2D coordinate2</Declaration>
			
			
			<Anchor>//api/name/coordinate2</Anchor>
            <NodeRef refid="17"/>
		</Token>
		
		<Token>
			<TokenIdentifier>//apple_ref/occ/instp/RMGreatCircleAnnotation/coordinate2</TokenIdentifier>
			<Abstract type="html">The ending coordinate of the annotation.</Abstract>
			<DeclaredIn>RMGreatCircleAnnotation.h</DeclaredIn>
			
			<Declaration>@property (nonatomic, readonly, assign) CLLocationCoordinate2D coordinate2</Declaration>
			
			
			<Anchor>//api/name/coordinate2</Anchor>
            <NodeRef refid="17"/>
		</Token>
		
        
        
	</File>
</Tokens>