<?xml version="1.0" encoding="UTF-8"?>
<Tokens version="1.0">
	<File path="Classes/RMCircleAnnotation.html">
		
		<Token>
			<TokenIdentifier>//apple_ref/occ/cl/RMCircleAnnotation</TokenIdentifier>
			<Abstract type="html">An RMCircleAnnotation is a concrete subclass of RMShapeAnnotation that is used to represent a circle shape on the map. The annotation will automatically have a layer created when needed that displays an RMCircle.</Abstract>
			<DeclaredIn>RMCircleAnnotation.h</DeclaredIn>
            
			
			<NodeRef refid="13"/>
		</Token>
		
		
		<Token>
			<TokenIdentifier>//apple_ref/occ/instm/RMCircleAnnotation/initWithMapView:centerCoordinate:radiusInMeters:</TokenIdentifier>
			<Abstract type="html">Initialize a circle annotation.</Abstract>
			<DeclaredIn>RMCircleAnnotation.h</DeclaredIn>
			
			<Declaration>- (id)initWithMapView:(RMMapView *)aMapView centerCoordinate:(CLLocationCoordinate2D)centerCoordinate radiusInMeters:(CGFloat)radiusInMeters</Declaration>
			<Parameters>
				<Parameter>
					<Name>aMapView</Name>
					<Abstract type="html">The map view on which to place the annotation.</Abstract>
				</Parameter><Parameter>
					<Name>centerCoordinate</Name>
					<Abstract type="html">The center of the annotation.</Abstract>
				</Parameter><Parameter>
					<Name>radiusInMeters</Name>
					<Abstract type="html">The radius of the circle in projected meters.</Abstract>
				</Parameter>
			</Parameters>
			<ReturnValue><Abstract type="html">An initialized circle annotation object, or nil if an annotation was unable to be initialized.</Abstract></ReturnValue>
			<Anchor>//api/name/initWithMapView:centerCoordinate:radiusInMeters:</Anchor>
            <NodeRef refid="13"/>
		</Token>
		
		<Token>
			<TokenIdentifier>//apple_ref/occ/instm/RMCircleAnnotation/setCenterCoordinate:</TokenIdentifier>
			<Abstract type="html">The circle annotation&apos;s center coordinate.</Abstract>
			<DeclaredIn>RMCircleAnnotation.h</DeclaredIn>
			
			<Declaration>@property (nonatomic, assign) CLLocationCoordinate2D centerCoordinate</Declaration>
			
			
			<Anchor>//api/name/centerCoordinate</Anchor>
            <NodeRef refid="13"/>
		</Token>
		
		<Token>
			<TokenIdentifier>//apple_ref/occ/instm/RMCircleAnnotation/centerCoordinate</TokenIdentifier>
			<Abstract type="html">The circle annotation&apos;s center coordinate.</Abstract>
			<DeclaredIn>RMCircleAnnotation.h</DeclaredIn>
			
			<Declaration>@property (nonatomic, assign) CLLocationCoordinate2D centerCoordinate</Declaration>
			
			
			<Anchor>//api/name/centerCoordinate</Anchor>
            <NodeRef refid="13"/>
		</Token>
		
		<Token>
			<TokenIdentifier>//apple_ref/occ/instp/RMCircleAnnotation/centerCoordinate</TokenIdentifier>
			<Abstract type="html">The circle annotation&apos;s center coordinate.</Abstract>
			<DeclaredIn>RMCircleAnnotation.h</DeclaredIn>
			
			<Declaration>@property (nonatomic, assign) CLLocationCoordinate2D centerCoordinate</Declaration>
			
			
			<Anchor>//api/name/centerCoordinate</Anchor>
            <NodeRef refid="13"/>
		</Token>
		
		<Token>
			<TokenIdentifier>//apple_ref/occ/instm/RMCircleAnnotation/setLineWidthInPixels:</TokenIdentifier>
			<Abstract type="html">The circle annotation&apos;s line width.</Abstract>
			<DeclaredIn>RMCircleAnnotation.h</DeclaredIn>
			
			<Declaration>@property (nonatomic, assign) CGFloat lineWidthInPixels</Declaration>
			
			
			<Anchor>//api/name/lineWidthInPixels</Anchor>
            <NodeRef refid="13"/>
		</Token>
		
		<Token>
			<TokenIdentifier>//apple_ref/occ/instm/RMCircleAnnotation/lineWidthInPixels</TokenIdentifier>
			<Abstract type="html">The circle annotation&apos;s line width.</Abstract>
			<DeclaredIn>RMCircleAnnotation.h</DeclaredIn>
			
			<Declaration>@property (nonatomic, assign) CGFloat lineWidthInPixels</Declaration>
			
			
			<Anchor>//api/name/lineWidthInPixels</Anchor>
            <NodeRef refid="13"/>
		</Token>
		
		<Token>
			<TokenIdentifier>//apple_ref/occ/instp/RMCircleAnnotation/lineWidthInPixels</TokenIdentifier>
			<Abstract type="html">The circle annotation&apos;s line width.</Abstract>
			<DeclaredIn>RMCircleAnnotation.h</DeclaredIn>
			
			<Declaration>@property (nonatomic, assign) CGFloat lineWidthInPixels</Declaration>
			
			
			<Anchor>//api/name/lineWidthInPixels</Anchor>
            <NodeRef refid="13"/>
		</Token>
		
		<Token>
			<TokenIdentifier>//apple_ref/occ/instm/RMCircleAnnotation/setRadiusInMeters:</TokenIdentifier>
			<Abstract type="html">The radius of the circle annotation in projected meters. Regardless of map zoom, the circle will change visible size to continously represent this radius on the map.</Abstract>
			<DeclaredIn>RMCircleAnnotation.h</DeclaredIn>
			
			<Declaration>@property (nonatomic, assign) CGFloat radiusInMeters</Declaration>
			
			
			<Anchor>//api/name/radiusInMeters</Anchor>
            <NodeRef refid="13"/>
		</Token>
		
		<Token>
			<TokenIdentifier>//apple_ref/occ/instm/RMCircleAnnotation/radiusInMeters</TokenIdentifier>
			<Abstract type="html">The radius of the circle annotation in projected meters. Regardless of map zoom, the circle will change visible size to continously represent this radius on the map.</Abstract>
			<DeclaredIn>RMCircleAnnotation.h</DeclaredIn>
			
			<Declaration>@property (nonatomic, assign) CGFloat radiusInMeters</Declaration>
			
			
			<Anchor>//api/name/radiusInMeters</Anchor>
            <NodeRef refid="13"/>
		</Token>
		
		<Token>
			<TokenIdentifier>//apple_ref/occ/instp/RMCircleAnnotation/radiusInMeters</TokenIdentifier>
			<Abstract type="html">The radius of the circle annotation in projected meters. Regardless of map zoom, the circle will change visible size to continously represent this radius on the map.</Abstract>
			<DeclaredIn>RMCircleAnnotation.h</DeclaredIn>
			
			<Declaration>@property (nonatomic, assign) CGFloat radiusInMeters</Declaration>
			
			
			<Anchor>//api/name/radiusInMeters</Anchor>
            <NodeRef refid="13"/>
		</Token>
		
        
        
	</File>
</Tokens>