<?xml version="1.0" encoding="UTF-8"?>
<Tokens version="1.0">
	<File path="Classes/RMPointAnnotation.html">
		
		<Token>
			<TokenIdentifier>//apple_ref/occ/cl/RMPointAnnotation</TokenIdentifier>
			<Abstract type="html">An RMPointAnnotation is used to represent a single point on a map. The annotation will automatically have a layer created when needed that displays an RMMarker with either a default point icon or the supplied image.</Abstract>
			<DeclaredIn>RMPointAnnotation.h</DeclaredIn>
            
			
			<NodeRef refid="25"/>
		</Token>
		
		
		<Token>
			<TokenIdentifier>//apple_ref/occ/instm/RMPointAnnotation/setImage:</TokenIdentifier>
			<Abstract type="html">An image for the annotation&apos;s point.</Abstract>
			<DeclaredIn>RMPointAnnotation.h</DeclaredIn>
			
			<Declaration>@property (nonatomic, strong) UIImage *image</Declaration>
			
			
			<Anchor>//api/name/image</Anchor>
            <NodeRef refid="25"/>
		</Token>
		
		<Token>
			<TokenIdentifier>//apple_ref/occ/instm/RMPointAnnotation/image</TokenIdentifier>
			<Abstract type="html">An image for the annotation&apos;s point.</Abstract>
			<DeclaredIn>RMPointAnnotation.h</DeclaredIn>
			
			<Declaration>@property (nonatomic, strong) UIImage *image</Declaration>
			
			
			<Anchor>//api/name/image</Anchor>
            <NodeRef refid="25"/>
		</Token>
		
		<Token>
			<TokenIdentifier>//apple_ref/occ/instp/RMPointAnnotation/image</TokenIdentifier>
			<Abstract type="html">An image for the annotation&apos;s point.</Abstract>
			<DeclaredIn>RMPointAnnotation.h</DeclaredIn>
			
			<Declaration>@property (nonatomic, strong) UIImage *image</Declaration>
			
			
			<Anchor>//api/name/image</Anchor>
            <NodeRef refid="25"/>
		</Token>
		
        
        
	</File>
</Tokens>